"guid","friendly_name","id","region","tpmin","canClip","inputs","maintenances","outputs"
"24798","Hacienda Sugar Cane Farm","hacienda_sugar_cane_farm","colony01","2","","[]","[{""Amount"": 20, ""InactiveAmount"": 10, ""Product"": ""coins""}, {""Amount"": 10, ""Product"": ""jornalero_workforce""}]","[{""Amount"": 1, ""Product"": ""sugar_cane"", ""StorageAmount"": 4}]"
"25003","Hacienda Corn Farm","hacienda_corn_farm","colony01","1","","[]","[{""Amount"": 25, ""InactiveAmount"": 13, ""Product"": ""coins""}, {""Amount"": 10, ""Product"": ""jornalero_workforce""}]","[{""Amount"": 1, ""Product"": ""corn"", ""StorageAmount"": 4}]"
"25005","Hacienda Coffee Farm","hacienda_coffee_farm","colony01","1","","[]","[{""Amount"": 25, ""InactiveAmount"": 13, ""Product"": ""coins""}, {""Amount"": 10, ""Product"": ""jornalero_workforce""}]","[{""Amount"": 1, ""Product"": ""coffee_beans"", ""StorageAmount"": 2}]"
"25006","Hacienda Caoutchouc Plantation","hacienda_caoutchouc_plantation","colony01","1","","[]","[{""Amount"": 25, ""InactiveAmount"": 13, ""Product"": ""coins""}, {""Amount"": 10, ""Product"": ""jornalero_workforce""}]","[{""Amount"": 1, ""Product"": ""caoutchouc"", ""StorageAmount"": 4}]"
"25009","Hacienda Cocoa Farm","hacienda_cocoa_farm","colony01","1","","[]","[{""Amount"": 5, ""InactiveAmount"": 3, ""Product"": ""coins""}, {""Amount"": 10, ""Product"": ""jornalero_workforce""}]","[{""Amount"": 1, ""Product"": ""cocoa"", ""StorageAmount"": 2}]"
"25019","Hacienda Potato Farm","hacienda_potato_farm","colony01","2","","[]","[{""Amount"": 20, ""InactiveAmount"": 10, ""Product"": ""coins""}, {""Amount"": 10, ""Product"": ""jornalero_workforce""}]","[{""Amount"": 1, ""Product"": ""potatoes"", ""StorageAmount"": 4}]"
"25020","Hacienda Spice Farm","hacienda_spice_farm","colony01","1","","[]","[{""Amount"": 25, ""InactiveAmount"": 13, ""Product"": ""coins""}, {""Amount"": 10, ""Product"": ""jornalero_workforce""}]","[{""Amount"": 1, ""Product"": ""spices"", ""StorageAmount"": 2}]"
"25128","Hacienda Grain Farm","hacienda_grain_farm","colony01","1","","[]","[{""Amount"": 10, ""InactiveAmount"": 5, ""Product"": ""coins""}, {""Amount"": 10, ""Product"": ""jornalero_workforce""}]","[{""Amount"": 1, ""Product"": ""grain"", ""StorageAmount"": 2}]"
"24801","Hacienda Rum Distillery","hacienda_rum_distillery","colony01","2","","[{""Amount"": 1, ""Product"": ""wood"", ""StorageAmount"": 8}, {""Amount"": 1, ""Product"": ""sugar_cane"", ""StorageAmount"": 6}]","[{""Amount"": 50, ""InactiveAmount"": 25, ""Product"": ""coins""}, {""Amount"": 30, ""Product"": ""jornalero_workforce""}]","[{""Amount"": 1, ""Product"": ""rum"", ""StorageAmount"": 4}]"
"25064","Hacienda Beer Brewery","hacienda_beer_brewery","colony01","1","","[{""Amount"": 1, ""Product"": ""grain"", ""StorageAmount"": 4}, {""Amount"": 1, ""Product"": ""corn"", ""StorageAmount"": 3}]","[{""Amount"": 50, ""InactiveAmount"": 25, ""Product"": ""coins""}, {""Amount"": 30, ""Product"": ""jornalero_workforce""}]","[{""Amount"": 1, ""Product"": ""beer"", ""StorageAmount"": 2}]"
"25126","Hacienda Atole Maker","hacienda_atole_maker","colony01","1","False","[{""Amount"": 1, ""Product"": ""corn"", ""StorageAmount"": 3}, {""Amount"": 1, ""Product"": ""sugar_cane"", ""StorageAmount"": 4}]","[{""Amount"": 50, ""InactiveAmount"": 25, ""Product"": ""coins""}, {""Amount"": 30, ""Product"": ""jornalero_workforce""}]","[{""Amount"": 1, ""Product"": ""atole"", ""StorageAmount"": 2}]"
"25350","Hacienda Schnapps Distillery","hacienda_schnapps_distillery","colony01","1","","[{""Amount"": 1, ""Product"": ""potatoes"", ""StorageAmount"": 6}]","[{""Amount"": 50, ""InactiveAmount"": 25, ""Product"": ""coins""}, {""Amount"": 30, ""Product"": ""jornalero_workforce""}]","[{""Amount"": 1, ""Product"": ""schnapps"", ""StorageAmount"": 4}]"
"25508","Hacienda Hot Sauce Brewery","hacienda_hot_sauce_brewery","colony01","0.5","False","[{""Amount"": 1, ""Product"": ""spices"", ""StorageAmount"": 4}]","[{""Amount"": 50, ""InactiveAmount"": 25, ""Product"": ""coins""}, {""Amount"": 30, ""Product"": ""jornalero_workforce""}]","[{""Amount"": 1, ""Product"": ""hot_sauce"", ""StorageAmount"": 2}]"
"24805","Hacienda","hacienda","colony01","2","False","[{""Amount"": 1, ""Product"": ""dung"", ""StorageAmount"": 5}]","[{""Amount"": 50, ""InactiveAmount"": 25, ""Product"": ""coins""}, {""Amount"": 30, ""Product"": ""jornalero_workforce""}]","[{""Amount"": 1, ""Product"": ""fertiliser"", ""StorageAmount"": 5}]"
"1010262","Grain Farm","grain_farm","moderate","1","False","[]","[{""Amount"": 20, ""InactiveAmount"": 10, ""Product"": ""coins""}, {""Amount"": 20, ""Product"": ""farmer_workforce""}]","[{""Amount"": 1, ""Product"": ""grain"", ""StorageAmount"": 2}]"
"1010263","Cattle Farm","cattle_farm","moderate","0.5","False","[]","[{""Amount"": 50, ""InactiveAmount"": 25, ""Product"": ""coins""}, {""Amount"": 20, ""Product"": ""farmer_workforce""}]","[{""Amount"": 1, ""Product"": ""beef"", ""StorageAmount"": 1}]"
"1010264","Hop Farm","hop_farm","moderate","0.6666666666666667","False","[]","[{""Amount"": 20, ""InactiveAmount"": 10, ""Product"": ""coins""}, {""Amount"": 20, ""Product"": ""farmer_workforce""}]","[{""Amount"": 1, ""Product"": ""hops"", ""StorageAmount"": 1}]"
"1010265","Potato Farm","potato_farm","moderate","2","False","[]","[{""Amount"": 20, ""InactiveAmount"": 10, ""Product"": ""coins""}, {""Amount"": 20, ""Product"": ""farmer_workforce""}]","[{""Amount"": 1, ""Product"": ""potatoes"", ""StorageAmount"": 4}]"
"1010266","Lumberjack's Hut","lumberjack's_hut","moderate","4","True","[]","[{""Amount"": 10, ""InactiveAmount"": 5, ""Product"": ""coins""}, {""Amount"": 5, ""Product"": ""farmer_workforce"", ""ShutdownThreshold"": 0.2}]","[{""Amount"": 1, ""Product"": ""wood"", ""StorageAmount"": 8}]"
"1010267","Sheep Farm","sheep_farm","moderate","2","False","[]","[{""Amount"": 20, ""InactiveAmount"": 10, ""Product"": ""coins""}, {""Amount"": 10, ""Product"": ""farmer_workforce""}]","[{""Amount"": 1, ""Product"": ""wool"", ""StorageAmount"": 4}]"
"1010269","Pig Farm","pig_farm","moderate","1","False","[]","[{""Amount"": 40, ""InactiveAmount"": 20, ""Product"": ""coins""}, {""Amount"": 30, ""Product"": ""farmer_workforce""}]","[{""Amount"": 1, ""Product"": ""pigs"", ""StorageAmount"": 4}]"
"1010558","Hunting Cabin","hunting_cabin","moderate","1","False","[]","[{""Amount"": 50, ""InactiveAmount"": 25, ""Product"": ""coins""}, {""Amount"": 10, ""Product"": ""farmer_workforce"", ""ShutdownThreshold"": 0.2}]","[{""Amount"": 1, ""Product"": ""furs"", ""StorageAmount"": 4}]"
"100654","Red Pepper Farm","red_pepper_farm","moderate","0.5","False","[]","[{""Amount"": 100, ""InactiveAmount"": 50, ""Product"": ""coins""}, {""Amount"": 10, ""Product"": ""farmer_workforce""}]","[{""Amount"": 1, ""Product"": ""red_peppers"", ""StorageAmount"": 1}]"
"100655","Vineyard","vineyard","moderate","0.5","False","[]","[{""Amount"": 200, ""InactiveAmount"": 100, ""Product"": ""coins""}, {""Amount"": 10, ""Product"": ""farmer_workforce""}]","[{""Amount"": 1, ""Product"": ""grapes"", ""StorageAmount"": 1}]"
"1010278","Fishery","fishery","moderate","2","False","[]","[{""Amount"": 40, ""InactiveAmount"": 20, ""Product"": ""coins""}, {""Amount"": 25, ""Product"": ""farmer_workforce""}]","[{""Amount"": 1, ""Product"": ""fish"", ""StorageAmount"": 4}]"
"1010310","Saltpeter Works","saltpeter_works","moderate","0.5","True","[]","[{""Amount"": 500, ""InactiveAmount"": 250, ""Product"": ""coins""}, {""Amount"": 25, ""Product"": ""worker_workforce""}]","[{""Amount"": 1, ""Product"": ""saltpeter"", ""StorageAmount"": 1}]"
"1010560","Sand Mine","sand_mine","moderate","2","True","[]","[{""Amount"": 120, ""InactiveAmount"": 60, ""Product"": ""coins""}, {""Amount"": 25, ""Product"": ""worker_workforce""}]","[{""Amount"": 1, ""Product"": ""quartz_sand"", ""StorageAmount"": 4}]"
"1010280","Concrete Factory","concrete_factory","moderate","1","False","[{""Amount"": 1, ""Product"": ""cement"", ""StorageAmount"": 3}, {""Amount"": 1, ""Product"": ""steel"", ""StorageAmount"": 4}]","[{""Amount"": 400, ""InactiveAmount"": 200, ""Product"": ""coins""}, {""Amount"": 75, ""Product"": ""engineer_workforce""}]","[{""Amount"": 1, ""Product"": ""reinforced_concrete"", ""StorageAmount"": 2}]"
"1010281","Soap Factory","soap_factory","moderate","2","True","[{""Amount"": 1, ""Product"": ""tallow"", ""StorageAmount"": 4}]","[{""Amount"": 50, ""InactiveAmount"": 25, ""Product"": ""coins""}, {""Amount"": 50, ""Product"": ""worker_workforce""}]","[{""Amount"": 1, ""Product"": ""soap"", ""StorageAmount"": 4}]"
"1010283","Brick Factory","brick_factory","moderate","1","False","[{""Amount"": 1, ""Product"": ""clay"", ""StorageAmount"": 4}]","[{""Amount"": 20, ""InactiveAmount"": 10, ""Product"": ""coins""}, {""Amount"": 25, ""Product"": ""worker_workforce""}]","[{""Amount"": 1, ""Product"": ""bricks"", ""StorageAmount"": 2}]"
"100451","Sawmill","sawmill","moderate","4","False","[{""Amount"": 1, ""Product"": ""wood"", ""StorageAmount"": 8}]","[{""Amount"": 10, ""InactiveAmount"": 5, ""Product"": ""coins""}, {""Amount"": 10, ""Product"": ""farmer_workforce""}]","[{""Amount"": 1, ""Product"": ""timber"", ""StorageAmount"": 8}]"
"1010325","Fur Dealer","fur_dealer","moderate","2","True","[{""Amount"": 1, ""Product"": ""furs"", ""StorageAmount"": 6}, {""Amount"": 1, ""Product"": ""cotton_fabric"", ""StorageAmount"": 6}]","[{""Amount"": 500, ""InactiveAmount"": 225, ""Product"": ""coins""}, {""Amount"": 200, ""Product"": ""artisan_workforce""}]","[{""Amount"": 1, ""Product"": ""fur_coats"", ""StorageAmount"": 4}]"
"1010286","Light Bulb Factory","light_bulb_factory","moderate","1","True","[{""Amount"": 1, ""Product"": ""glass"", ""StorageAmount"": 4}, {""Amount"": 1, ""Product"": ""filaments"", ""StorageAmount"": 3}]","[{""Amount"": 1000, ""InactiveAmount"": 500, ""Product"": ""coins""}, {""Amount"": 150, ""Product"": ""engineer_workforce""}]","[{""Amount"": 1, ""Product"": ""light_bulbs"", ""StorageAmount"": 2}]"
"1010285","Window-Makers","window-makers","moderate","1","False","[{""Amount"": 1, ""Product"": ""wood"", ""StorageAmount"": 8}, {""Amount"": 1, ""Product"": ""glass"", ""StorageAmount"": 4}]","[{""Amount"": 200, ""InactiveAmount"": 100, ""Product"": ""coins""}, {""Amount"": 100, ""Product"": ""artisan_workforce""}]","[{""Amount"": 1, ""Product"": ""windows"", ""StorageAmount"": 2}]"
"1010288","Sailmakers","sailmakers","moderate","2","False","[{""Amount"": 1, ""Product"": ""wool"", ""StorageAmount"": 6}]","[{""Amount"": 75, ""InactiveAmount"": 38, ""Product"": ""coins""}, {""Amount"": 50, ""Product"": ""worker_workforce""}]","[{""Amount"": 1, ""Product"": ""sails"", ""StorageAmount"": 4}]"
"100416","Clay Pit","clay_pit","moderate","2","False","[]","[{""Amount"": 10, ""InactiveAmount"": 5, ""Product"": ""coins""}, {""Amount"": 50, ""Product"": ""worker_workforce""}]","[{""Amount"": 1, ""Product"": ""clay"", ""StorageAmount"": 4}]"
"1010289","Coachmakers","coachmakers","moderate","0.5","False","[{""Amount"": 1, ""Product"": ""wood"", ""StorageAmount"": 8}, {""Amount"": 1, ""Product"": ""caoutchouc"", ""StorageAmount"": 2}]","[{""Amount"": 1200, ""InactiveAmount"": 600, ""Product"": ""coins""}, {""Amount"": 150, ""Product"": ""engineer_workforce""}]","[{""Amount"": 1, ""Product"": ""chassis"", ""StorageAmount"": 1}]"
"1010291","Bakery","bakery","moderate","1","False","[{""Amount"": 1, ""Product"": ""flour"", ""StorageAmount"": 4}]","[{""Amount"": 60, ""InactiveAmount"": 30, ""Product"": ""coins""}, {""Amount"": 50, ""Product"": ""worker_workforce""}]","[{""Amount"": 1, ""Product"": ""bread"", ""StorageAmount"": 2}]"
"1010292","Brewery","brewery","moderate","1","False","[{""Amount"": 1, ""Product"": ""hops"", ""StorageAmount"": 3}, {""Amount"": 1, ""Product"": ""malt"", ""StorageAmount"": 4}]","[{""Amount"": 200, ""InactiveAmount"": 100, ""Product"": ""coins""}, {""Amount"": 75, ""Product"": ""worker_workforce""}]","[{""Amount"": 1, ""Product"": ""beer"", ""StorageAmount"": 2}]"
"1010293","Artisanal Kitchen","artisanal_kitchen","moderate","0.5","False","[{""Amount"": 1, ""Product"": ""beef"", ""StorageAmount"": 3}, {""Amount"": 1, ""Product"": ""red_peppers"", ""StorageAmount"": 3}]","[{""Amount"": 100, ""InactiveAmount"": 50, ""Product"": ""coins""}, {""Amount"": 75, ""Product"": ""artisan_workforce""}]","[{""Amount"": 1, ""Product"": ""goulash"", ""StorageAmount"": 1}]"
"1010295","Cannery","cannery","moderate","0.6666666666666667","False","[{""Amount"": 1, ""Product"": ""iron"", ""StorageAmount"": 8}, {""Amount"": 1, ""Product"": ""goulash"", ""StorageAmount"": 2}]","[{""Amount"": 100, ""InactiveAmount"": 50, ""Product"": ""coins""}, {""Amount"": 75, ""Product"": ""artisan_workforce""}]","[{""Amount"": 1, ""Product"": ""canned_food"", ""StorageAmount"": 1}]"
"1010294","Schnapps Distillery","schnapps_distillery","moderate","2","False","[{""Amount"": 1, ""Product"": ""potatoes"", ""StorageAmount"": 6}]","[{""Amount"": 40, ""InactiveAmount"": 20, ""Product"": ""coins""}, {""Amount"": 50, ""Product"": ""farmer_workforce""}]","[{""Amount"": 1, ""Product"": ""schnapps"", ""StorageAmount"": 4}]"
"1010316","Butcher's","butcher's","moderate","1","False","[{""Amount"": 1, ""Product"": ""pigs"", ""StorageAmount"": 6}]","[{""Amount"": 80, ""InactiveAmount"": 40, ""Product"": ""coins""}, {""Amount"": 50, ""Product"": ""worker_workforce""}]","[{""Amount"": 1, ""Product"": ""sausages"", ""StorageAmount"": 4}]"
"100659","Champagne Cellar","champagne_cellar","moderate","2","False","[{""Amount"": 1, ""Product"": ""grapes"", ""StorageAmount"": 6}, {""Amount"": 1, ""Product"": ""glass"", ""StorageAmount"": 6}]","[{""Amount"": 1000, ""InactiveAmount"": 500, ""Product"": ""coins""}, {""Amount"": 150, ""Product"": ""artisan_workforce""}]","[{""Amount"": 1, ""Product"": ""champagne"", ""StorageAmount"": 4}]"
"1010296","Steelworks","steelworks","moderate","1.3333333333333335","False","[{""Amount"": 1, ""Product"": ""steel"", ""StorageAmount"": 4}]","[{""Amount"": 200, ""InactiveAmount"": 100, ""Product"": ""coins""}, {""Amount"": 200, ""Product"": ""worker_workforce""}]","[{""Amount"": 1, ""Product"": ""steel_beams"", ""StorageAmount"": 2}]"
"1010297","Furnace","furnace","moderate","2","False","[{""Amount"": 1, ""Product"": ""iron"", ""StorageAmount"": 8}, {""Amount"": 1, ""Product"": ""coal"", ""StorageAmount"": 6}]","[{""Amount"": 100, ""InactiveAmount"": 50, ""Product"": ""coins""}, {""Amount"": 100, ""Product"": ""worker_workforce""}]","[{""Amount"": 1, ""Product"": ""steel"", ""StorageAmount"": 4}]"
"1010298","Charcoal Kiln","charcoal_kiln","moderate","2","False","[]","[{""Amount"": 20, ""InactiveAmount"": 10, ""Product"": ""coins""}, {""Amount"": 10, ""Product"": ""worker_workforce"", ""ShutdownThreshold"": 0.2}]","[{""Amount"": 1, ""Product"": ""coal"", ""StorageAmount"": 4}]"
"1010299","Weapon Factory","weapon_factory","moderate","0.6666666666666667","False","[{""Amount"": 1, ""Product"": ""steel"", ""StorageAmount"": 4}]","[{""Amount"": 150, ""InactiveAmount"": 75, ""Product"": ""coins""}, {""Amount"": 50, ""Product"": ""worker_workforce""}]","[{""Amount"": 1, ""Product"": ""weapons"", ""StorageAmount"": 1}]"
"1010301","Heavy Weapons Factory","heavy_weapons_factory","moderate","0.5","False","[{""Amount"": 1, ""Product"": ""steel"", ""StorageAmount"": 4}, {""Amount"": 1, ""Product"": ""dynamite"", ""StorageAmount"": 2}]","[{""Amount"": 2200, ""InactiveAmount"": 1100, ""Product"": ""coins""}, {""Amount"": 250, ""Product"": ""engineer_workforce""}]","[{""Amount"": 1, ""Product"": ""advanced_weapons"", ""StorageAmount"": 1}]"
"1010302","Motor Assembly Line","motor_assembly_line","moderate","0.6666666666666667","False","[{""Amount"": 1, ""Product"": ""steel"", ""StorageAmount"": 4}, {""Amount"": 1, ""Product"": ""brass"", ""StorageAmount"": 2}]","[{""Amount"": 1800, ""InactiveAmount"": 900, ""Product"": ""coins""}, {""Amount"": 250, ""Product"": ""engineer_workforce""}]","[{""Amount"": 1, ""Product"": ""steam_motors"", ""StorageAmount"": 1}]"
"1010303","Cab Assembly Line","cab_assembly_line","moderate","1","True","[{""Amount"": 1, ""Product"": ""chassis"", ""StorageAmount"": 3}, {""Amount"": 1, ""Product"": ""steam_motors"", ""StorageAmount"": 3}]","[{""Amount"": 3000, ""InactiveAmount"": 1500, ""Product"": ""coins""}, {""Amount"": 500, ""Product"": ""engineer_workforce""}]","[{""Amount"": 1, ""Product"": ""steam_carriages"", ""StorageAmount"": 2}]"
"1010282","Brass Smeltery","brass_smeltery","moderate","1","False","[{""Amount"": 1, ""Product"": ""zinc"", ""StorageAmount"": 4}, {""Amount"": 1, ""Product"": ""copper"", ""StorageAmount"": 4}]","[{""Amount"": 250, ""InactiveAmount"": 125, ""Product"": ""coins""}, {""Amount"": 25, ""Product"": ""worker_workforce""}]","[{""Amount"": 1, ""Product"": ""brass"", ""StorageAmount"": 2}]"
"101331","Oil Refinery","oil_refinery","moderate","4","False","[]","[{""Amount"": 250, ""InactiveAmount"": 125, ""Product"": ""coins""}, {""Amount"": 100, ""Product"": ""worker_workforce""}]","[{""Amount"": 1, ""Product"": ""oil"", ""StorageAmount"": 200}]"
"1010304","Coal Mine","coal_mine","moderate","4","False","[{""Product"": ""mineral_resource"", ""StorageAmount"": 12}]","[{""Amount"": 50, ""InactiveAmount"": 25, ""Product"": ""coins""}, {""Amount"": 50, ""Product"": ""worker_workforce""}]","[{""Amount"": 1, ""Product"": ""coal"", ""StorageAmount"": 8}]"
"1010305","Iron Mine","iron_mine","moderate","4","False","[{""Product"": ""mineral_resource"", ""StorageAmount"": 12}]","[{""Amount"": 50, ""InactiveAmount"": 25, ""Product"": ""coins""}, {""Amount"": 50, ""Product"": ""worker_workforce""}]","[{""Amount"": 1, ""Product"": ""iron"", ""StorageAmount"": 8}]"
"1010307","Zinc Mine","zinc_mine","moderate","2","False","[{""Product"": ""mineral_resource"", ""StorageAmount"": 12}]","[{""Amount"": 250, ""InactiveAmount"": 125, ""Product"": ""coins""}, {""Amount"": 25, ""Product"": ""worker_workforce""}]","[{""Amount"": 1, ""Product"": ""zinc"", ""StorageAmount"": 4}]"
"1010308","Copper Mine","copper_mine","moderate","2","False","[{""Product"": ""mineral_resource"", ""StorageAmount"": 12}]","[{""Amount"": 250, ""InactiveAmount"": 125, ""Product"": ""coins""}, {""Amount"": 25, ""Product"": ""worker_workforce""}]","[{""Amount"": 1, ""Product"": ""copper"", ""StorageAmount"": 4}]"
"1010309","Limestone Quarry","limestone_quarry","moderate","2","False","[{""Product"": ""mineral_resource"", ""StorageAmount"": 12}]","[{""Amount"": 250, ""InactiveAmount"": 125, ""Product"": ""coins""}, {""Amount"": 25, ""Product"": ""worker_workforce""}]","[{""Amount"": 1, ""Product"": ""cement"", ""StorageAmount"": 4}]"
"1010312","Rendering Works","rendering_works","moderate","1","False","[{""Amount"": 1, ""Product"": ""pigs"", ""StorageAmount"": 6}]","[{""Amount"": 40, ""InactiveAmount"": 20, ""Product"": ""coins""}, {""Amount"": 40, ""Product"": ""worker_workforce""}]","[{""Amount"": 1, ""Product"": ""tallow"", ""StorageAmount"": 4}]"
"1010313","Flour Mill","flour_mill","moderate","2","False","[{""Amount"": 1, ""Product"": ""grain"", ""StorageAmount"": 6}]","[{""Amount"": 50, ""InactiveAmount"": 25, ""Product"": ""coins""}, {""Amount"": 10, ""Product"": ""farmer_workforce""}]","[{""Amount"": 1, ""Product"": ""flour"", ""StorageAmount"": 4}]"
"1010314","Malthouse","malthouse","moderate","2","False","[{""Amount"": 1, ""Product"": ""grain"", ""StorageAmount"": 6}]","[{""Amount"": 150, ""InactiveAmount"": 75, ""Product"": ""coins""}, {""Amount"": 25, ""Product"": ""worker_workforce""}]","[{""Amount"": 1, ""Product"": ""malt"", ""StorageAmount"": 4}]"
"1010315","Framework Knitters","framework_knitters","moderate","2","True","[{""Amount"": 1, ""Product"": ""wool"", ""StorageAmount"": 6}]","[{""Amount"": 50, ""InactiveAmount"": 25, ""Product"": ""coins""}, {""Amount"": 50, ""Product"": ""farmer_workforce""}]","[{""Amount"": 1, ""Product"": ""work_clothes"", ""StorageAmount"": 4}]"
"1010300","Dynamite Factory","dynamite_factory","moderate","1","False","[{""Amount"": 1, ""Product"": ""tallow"", ""StorageAmount"": 4}, {""Amount"": 1, ""Product"": ""saltpeter"", ""StorageAmount"": 3}]","[{""Amount"": 1000, ""InactiveAmount"": 500, ""Product"": ""coins""}, {""Amount"": 250, ""Product"": ""engineer_workforce""}]","[{""Amount"": 1, ""Product"": ""dynamite"", ""StorageAmount"": 2}]"
"1010319","Glassmakers","glassmakers","moderate","2","True","[{""Amount"": 1, ""Product"": ""quartz_sand"", ""StorageAmount"": 6}]","[{""Amount"": 100, ""InactiveAmount"": 50, ""Product"": ""coins""}, {""Amount"": 100, ""Product"": ""artisan_workforce""}]","[{""Amount"": 1, ""Product"": ""glass"", ""StorageAmount"": 4}]"
"1010320","Marquetry Workshop","marquetry_workshop","moderate","1","False","[{""Amount"": 1, ""Product"": ""wood"", ""StorageAmount"": 8}]","[{""Amount"": 750, ""InactiveAmount"": 375, ""Product"": ""coins""}, {""Amount"": 150, ""Product"": ""engineer_workforce""}]","[{""Amount"": 1, ""Product"": ""wood_veneers"", ""StorageAmount"": 2}]"
"1010321","Filament Factory","filament_factory","moderate","1","False","[{""Amount"": 1, ""Product"": ""coal"", ""StorageAmount"": 4}]","[{""Amount"": 725, ""InactiveAmount"": 367, ""Product"": ""coins""}, {""Amount"": 150, ""Product"": ""engineer_workforce""}]","[{""Amount"": 1, ""Product"": ""filaments"", ""StorageAmount"": 2}]"
"1010323","Bicycle Factory","bicycle_factory","moderate","2","True","[{""Amount"": 1, ""Product"": ""steel"", ""StorageAmount"": 6}, {""Amount"": 1, ""Product"": ""caoutchouc"", ""StorageAmount"": 6}]","[{""Amount"": 1200, ""InactiveAmount"": 600, ""Product"": ""coins""}, {""Amount"": 150, ""Product"": ""engineer_workforce""}]","[{""Amount"": 1, ""Product"": ""penny_farthings"", ""StorageAmount"": 4}]"
"1010324","Clockmakers","clockmakers","moderate","0.6666666666666667","False","[{""Amount"": 1, ""Product"": ""glass"", ""StorageAmount"": 4}, {""Amount"": 1, ""Product"": ""gold"", ""StorageAmount"": 2}]","[{""Amount"": 1400, ""InactiveAmount"": 700, ""Product"": ""coins""}, {""Amount"": 150, ""Product"": ""engineer_workforce""}]","[{""Amount"": 1, ""Product"": ""pocket_watches"", ""StorageAmount"": 1}]"
"1010284","Sewing Machine Factory","sewing_machine_factory","moderate","2","False","[{""Amount"": 1, ""Product"": ""wood"", ""StorageAmount"": 8}, {""Amount"": 1, ""Product"": ""steel"", ""StorageAmount"": 6}]","[{""Amount"": 500, ""InactiveAmount"": 250, ""Product"": ""coins""}, {""Amount"": 150, ""Product"": ""artisan_workforce""}]","[{""Amount"": 1, ""Product"": ""sewing_machines"", ""StorageAmount"": 4}]"
"1010326","Gramophone Factory","gramophone_factory","moderate","0.5","False","[{""Amount"": 1, ""Product"": ""wood_veneers"", ""StorageAmount"": 3}, {""Amount"": 1, ""Product"": ""brass"", ""StorageAmount"": 3}]","[{""Amount"": 1600, ""InactiveAmount"": 800, ""Product"": ""coins""}, {""Amount"": 150, ""Product"": ""engineer_workforce""}]","[{""Amount"": 1, ""Product"": ""gramophones"", ""StorageAmount"": 1}]"
"1010327","Goldsmiths","goldsmiths","moderate","1","False","[{""Amount"": 1, ""Product"": ""coal"", ""StorageAmount"": 4}, {""Amount"": 1, ""Product"": ""gold_ore"", ""StorageAmount"": 3}]","[{""Amount"": 750, ""InactiveAmount"": 375, ""Product"": ""coins""}, {""Amount"": 125, ""Product"": ""engineer_workforce""}]","[{""Amount"": 1, ""Product"": ""gold"", ""StorageAmount"": 2}]"
"1010328","Jewellers","jewellers","moderate","2","False","[{""Amount"": 1, ""Product"": ""pearls"", ""StorageAmount"": 6}, {""Amount"": 1, ""Product"": ""gold"", ""StorageAmount"": 6}]","[{""Amount"": 2500, ""InactiveAmount"": 1250, ""Product"": ""coins""}, {""Amount"": 150, ""Product"": ""artisan_workforce""}]","[{""Amount"": 1, ""Product"": ""jewelry"", ""StorageAmount"": 4}]"
"101250","Spectacle Factory","spectacle_factory","moderate","0.6666666666666667","True","[{""Amount"": 1, ""Product"": ""glass"", ""StorageAmount"": 4}, {""Amount"": 1, ""Product"": ""brass"", ""StorageAmount"": 2}]","[{""Amount"": 1000, ""InactiveAmount"": 500, ""Product"": ""coins""}, {""Amount"": 100, ""Product"": ""engineer_workforce""}]","[{""Amount"": 1, ""Product"": ""spectacles"", ""StorageAmount"": 1}]"
"1010329","Sugar Cane Plantation","sugar_cane_plantation","colony01","2","False","[]","[{""Amount"": 5, ""InactiveAmount"": 3, ""Product"": ""coins""}, {""Amount"": 10, ""Product"": ""jornalero_workforce""}]","[{""Amount"": 1, ""Product"": ""sugar_cane"", ""StorageAmount"": 4}]"
"1010330","Tobacco Plantation","tobacco_plantation","colony01","0.5","False","[]","[{""Amount"": 25, ""InactiveAmount"": 13, ""Product"": ""coins""}, {""Amount"": 10, ""Product"": ""jornalero_workforce""}]","[{""Amount"": 1, ""Product"": ""tobacco"", ""StorageAmount"": 1}]"
"1010331","Cotton Plantation","cotton_plantation","colony01","1","True","[]","[{""Amount"": 5, ""InactiveAmount"": 3, ""Product"": ""coins""}, {""Amount"": 10, ""Product"": ""jornalero_workforce""}]","[{""Amount"": 1, ""Product"": ""cotton"", ""StorageAmount"": 2}]"
"1010332","Cocoa Plantation","cocoa_plantation","colony01","1","False","[]","[{""Amount"": 5, ""InactiveAmount"": 3, ""Product"": ""coins""}, {""Amount"": 10, ""Product"": ""jornalero_workforce""}]","[{""Amount"": 1, ""Product"": ""cocoa"", ""StorageAmount"": 2}]"
"1010333","Caoutchouc Plantation","caoutchouc_plantation","colony01","1","False","[]","[{""Amount"": 25, ""InactiveAmount"": 13, ""Product"": ""coins""}, {""Amount"": 10, ""Product"": ""jornalero_workforce""}]","[{""Amount"": 1, ""Product"": ""caoutchouc"", ""StorageAmount"": 2}]"
"101260","agriculture_colony01_06 (Timber Yard)","agriculture_colony01_06_(timber_yard)","colony01","4","True","[]","[{""Amount"": 10, ""InactiveAmount"": 5, ""Product"": ""coins"", ""VectorElement"": null}, {""Amount"": 10, ""Product"": ""jornalero_workforce"", ""ShutdownThreshold"": 0.2, ""VectorElement"": null}]","[{""Amount"": 1, ""Product"": ""wood"", ""StorageAmount"": 8}]"
"101251","Coffee Plantation","coffee_plantation","colony01","1","False","[]","[{""Amount"": 25, ""InactiveAmount"": 13, ""Product"": ""coins""}, {""Amount"": 10, ""Product"": ""jornalero_workforce""}]","[{""Amount"": 1, ""Product"": ""coffee_beans"", ""StorageAmount"": 2}]"
"101263","Plantain Plantation","plantain_plantation","colony01","2","False","[]","[{""Amount"": 5, ""InactiveAmount"": 3, ""Product"": ""coins"", ""VectorElement"": {""InheritanceMapV2"": {""Entry"": {""Index"": 0, ""TemplateName"": ""FactoryBuilding7""}}}}, {""Amount"": 10, ""Product"": ""jornalero_workforce"", ""VectorElement"": {""InheritanceMapV2"": {""Entry"": {""Index"": 1, ""TemplateName"": ""FactoryBuilding7""}}}}]","[{""Amount"": 1, ""Product"": ""plantains"", ""StorageAmount"": 4}]"
"101269","Cattle Farm","cattle_farm","colony01","1","False","[]","[{""Amount"": 25, ""InactiveAmount"": 13, ""Product"": ""coins""}, {""Amount"": 20, ""Product"": ""jornalero_workforce""}]","[{""Amount"": 1, ""Product"": ""beef"", ""StorageAmount"": 2}]"
"101270","Corn Farm","corn_farm","colony01","1","False","[]","[{""Amount"": 25, ""InactiveAmount"": 13, ""Product"": ""coins""}, {""Amount"": 10, ""Product"": ""jornalero_workforce""}]","[{""Amount"": 1, ""Product"": ""corn"", ""StorageAmount"": 2}]"
"101272","Alpaca Farm","alpaca_farm","colony01","2","False","[]","[{""Amount"": 5, ""InactiveAmount"": 3, ""Product"": ""coins""}, {""Amount"": 10, ""Product"": ""jornalero_workforce""}]","[{""Amount"": 1, ""Product"": ""alpaca_wool"", ""StorageAmount"": 4}]"
"1010339","Pearl Farm","pearl_farm","colony01","0.6666666666666667","True","[]","[{""Amount"": 25, ""InactiveAmount"": 13, ""Product"": ""coins""}, {""Amount"": 50, ""Product"": ""jornalero_workforce""}]","[{""Amount"": 1, ""Product"": ""pearls"", ""StorageAmount"": 1}]"
"101262","Fish Oil Factory","fish_oil_factory","colony01","2","False","[]","[{""Amount"": 5, ""InactiveAmount"": 3, ""Product"": ""coins"", ""VectorElement"": {""InheritanceMapV2"": {""Entry"": {""Index"": 0, ""TemplateName"": ""FarmBuilding""}}}}, {""Amount"": 15, ""Product"": ""jornalero_workforce"", ""VectorElement"": {""InheritanceMapV2"": {""Entry"": {""Index"": 1, ""TemplateName"": ""FarmBuilding""}}}}]","[{""Amount"": 1, ""Product"": ""fish_oil"", ""StorageAmount"": 4}]"
"101261","factory_colony01_01 (Timber Factory)","factory_colony01_01_(timber_factory)","colony01","4","False","[{""Amount"": 1, ""Product"": ""wood"", ""StorageAmount"": 8}]","[{""Amount"": 10, ""InactiveAmount"": 5, ""Product"": ""coins"", ""VectorElement"": null}, {""Amount"": 20, ""Product"": ""jornalero_workforce"", ""VectorElement"": null}]","[{""Amount"": 1, ""Product"": ""timber"", ""StorageAmount"": 8}]"
"101265","factory_colony01_02 (Sailcloth Factory)","factory_colony01_02_(sailcloth_factory)","colony01","2","True","[{""Amount"": 1, ""Product"": ""cotton_fabric"", ""StorageAmount"": 6, ""VectorElement"": null}]","[{""Amount"": 15, ""InactiveAmount"": 8, ""Product"": ""coins"", ""VectorElement"": null}, {""Amount"": 20, ""Product"": ""jornalero_workforce"", ""VectorElement"": null}]","[{""Amount"": 1, ""Product"": ""sails"", ""StorageAmount"": 4}]"
"1010318","Cotton Mill","cotton_mill","colony01","2","True","[{""Amount"": 1, ""Product"": ""cotton"", ""StorageAmount"": 6}]","[{""Amount"": 10, ""InactiveAmount"": 5, ""Product"": ""coins""}, {""Amount"": 10, ""Product"": ""jornalero_workforce""}]","[{""Amount"": 1, ""Product"": ""cotton_fabric"", ""StorageAmount"": 4}]"
"101267","factory_colony01_04 (Clay Pit)","factory_colony01_04_(clay_pit)","colony01","2","False","[]","[{""Amount"": 10, ""InactiveAmount"": 5, ""Product"": ""coins"", ""VectorElement"": null}, {""Amount"": 100, ""Product"": ""obrero_workforce"", ""VectorElement"": null}]","[{""Amount"": 1, ""Product"": ""clay"", ""StorageAmount"": 4}]"
"101268","factory_colony01_05 (Brick Factory)","factory_colony01_05_(brick_factory)","colony01","1","False","[{""Amount"": 1, ""Product"": ""clay"", ""StorageAmount"": 4}]","[{""Amount"": 20, ""InactiveAmount"": 10, ""Product"": ""coins"", ""VectorElement"": null}, {""Amount"": 50, ""Product"": ""obrero_workforce"", ""VectorElement"": null}]","[{""Amount"": 1, ""Product"": ""bricks"", ""StorageAmount"": 2}]"
"101415","Felt Producer","felt_producer","colony01","2","True","[{""Amount"": 1, ""Product"": ""alpaca_wool"", ""StorageAmount"": 6}]","[{""Amount"": 10, ""InactiveAmount"": 5, ""Product"": ""coins""}, {""Amount"": 10, ""Product"": ""jornalero_workforce""}]","[{""Amount"": 1, ""Product"": ""felt"", ""StorageAmount"": 4}]"
"101273","Bombín Weaver","bombín_weaver","colony01","2","True","[{""Amount"": 1, ""Product"": ""cotton_fabric"", ""StorageAmount"": 6}, {""Amount"": 1, ""Product"": ""felt"", ""StorageAmount"": 6}]","[{""Amount"": 50, ""InactiveAmount"": 25, ""Product"": ""coins""}, {""Amount"": 20, ""Product"": ""obrero_workforce""}]","[{""Amount"": 1, ""Product"": ""bombins"", ""StorageAmount"": 4}]"
"1010340","Rum Distillery","rum_distillery","colony01","2","False","[{""Amount"": 1, ""Product"": ""wood"", ""StorageAmount"": 8}, {""Amount"": 1, ""Product"": ""sugar_cane"", ""StorageAmount"": 6}]","[{""Amount"": 50, ""InactiveAmount"": 25, ""Product"": ""coins""}, {""Amount"": 30, ""Product"": ""jornalero_workforce""}]","[{""Amount"": 1, ""Product"": ""rum"", ""StorageAmount"": 4}]"
"1010341","Chocolate Factory","chocolate_factory","colony01","2","False","[{""Amount"": 1, ""Product"": ""sugar"", ""StorageAmount"": 6}, {""Amount"": 1, ""Product"": ""cocoa"", ""StorageAmount"": 6}]","[{""Amount"": 50, ""InactiveAmount"": 25, ""Product"": ""coins""}, {""Amount"": 100, ""Product"": ""obrero_workforce""}]","[{""Amount"": 1, ""Product"": ""chocolate"", ""StorageAmount"": 4}]"
"101252","Coffee Roaster","coffee_roaster","colony01","2","False","[{""Amount"": 1, ""Product"": ""coffee_beans"", ""StorageAmount"": 6}]","[{""Amount"": 150, ""InactiveAmount"": 75, ""Product"": ""coins""}, {""Amount"": 150, ""Product"": ""obrero_workforce""}]","[{""Amount"": 1, ""Product"": ""coffee"", ""StorageAmount"": 4}]"
"101264","Fried Plantain Kitchen","fried_plantain_kitchen","colony01","2","False","[{""Amount"": 1, ""Product"": ""fish_oil"", ""StorageAmount"": 6}, {""Amount"": 1, ""Product"": ""plantains"", ""StorageAmount"": 6}]","[{""Amount"": 15, ""InactiveAmount"": 8, ""Product"": ""coins""}, {""Amount"": 25, ""Product"": ""jornalero_workforce""}]","[{""Amount"": 1, ""Product"": ""fried_plantains"", ""StorageAmount"": 4}]"
"101271","Tortilla Maker","tortilla_maker","colony01","2","False","[{""Amount"": 1, ""Product"": ""beef"", ""StorageAmount"": 6}, {""Amount"": 1, ""Product"": ""corn"", ""StorageAmount"": 6}]","[{""Amount"": 100, ""InactiveAmount"": 50, ""Product"": ""coins""}, {""Amount"": 100, ""Product"": ""obrero_workforce""}]","[{""Amount"": 1, ""Product"": ""tortillas"", ""StorageAmount"": 4}]"
"1010561","heavy_colony01_01 (Oil Heavy Industry)","heavy_colony01_01_(oil_heavy_industry)","colony01","4","False","[]","[{""Amount"": 250, ""InactiveAmount"": 125, ""Product"": ""coins"", ""VectorElement"": null}, {""Amount"": 75, ""Product"": ""obrero_workforce"", ""VectorElement"": null}]","[{""Amount"": 1, ""Product"": ""oil"", ""StorageAmount"": 200}]"
"101311","mining_colony01_01 (Gold Ore Mine)","mining_colony01_01_(gold_ore_mine)","colony01","0.4","False","[{""Product"": ""mineral_resource"", ""StorageAmount"": 6}]","[{""Amount"": 250, ""InactiveAmount"": 125, ""Product"": ""coins"", ""VectorElement"": null}, {""Amount"": 100, ""Product"": ""obrero_workforce"", ""VectorElement"": null}]","[{""Amount"": 1, ""Product"": ""gold_ore"", ""StorageAmount"": 1}]"
"1010317","Sugar Refinery","sugar_refinery","colony01","2","True","[{""Amount"": 1, ""Product"": ""sugar_cane"", ""StorageAmount"": 6}]","[{""Amount"": 10, ""InactiveAmount"": 5, ""Product"": ""coins""}, {""Amount"": 50, ""Product"": ""obrero_workforce""}]","[{""Amount"": 1, ""Product"": ""sugar"", ""StorageAmount"": 4}]"
"101266","Poncho Darner","poncho_darner","colony01","2","False","[{""Amount"": 1, ""Product"": ""alpaca_wool"", ""StorageAmount"": 6}]","[{""Amount"": 15, ""InactiveAmount"": 8, ""Product"": ""coins""}, {""Amount"": 30, ""Product"": ""jornalero_workforce""}]","[{""Amount"": 1, ""Product"": ""ponchos"", ""StorageAmount"": 4}]"
"101296","processing_colony01_03 (Inlay Processing)","processing_colony01_03_(inlay_processing)","colony01","1","False","[{""Amount"": 1, ""Product"": ""wood"", ""StorageAmount"": 8}]","[{""Amount"": 100, ""InactiveAmount"": 50, ""Product"": ""coins"", ""VectorElement"": null}, {""Amount"": 100, ""Product"": ""obrero_workforce"", ""VectorElement"": null}]","[{""Amount"": 1, ""Product"": ""wood_veneers"", ""StorageAmount"": 2}]"
"1010342","Cigar Factory","cigar_factory","colony01","2","False","[{""Amount"": 1, ""Product"": ""wood_veneers"", ""StorageAmount"": 6}, {""Amount"": 1, ""Product"": ""tobacco"", ""StorageAmount"": 6}]","[{""Amount"": 250, ""InactiveAmount"": 125, ""Product"": ""coins""}, {""Amount"": 175, ""Product"": ""obrero_workforce""}]","[{""Amount"": 1, ""Product"": ""cigars"", ""StorageAmount"": 4}]"
"114703","Lumberjack's Hut","lumberjack's_hut","arctic","4","True","[]","[{""Amount"": 20, ""InactiveAmount"": 10, ""Product"": ""coins""}, {""Amount"": 10, ""Product"": ""explorer_workforce"", ""ShutdownThreshold"": 0.2}]","[{""Amount"": 1, ""Product"": ""wood"", ""StorageAmount"": 8}]"
"112667","Caribou Hunter","caribou_hunter","arctic","1","False","[{""Product"": ""cultivation_area"", ""StorageAmount"": 5}]","[{""Amount"": 40, ""InactiveAmount"": 20, ""Product"": ""coins""}, {""Amount"": 25, ""Product"": ""explorer_workforce"", ""ShutdownThreshold"": 0.2}]","[{""Amount"": 1, ""Product"": ""caribou_meat"", ""StorageAmount"": 2}]"
"112676","Goose Farm","goose_farm","arctic","0.5","False","[]","[{""Amount"": 70, ""InactiveAmount"": 35, ""Product"": ""coins""}, {""Amount"": 35, ""Product"": ""explorer_workforce"", ""ShutdownThreshold"": 0.2}]","[{""Amount"": 1, ""Product"": ""goose_feathers"", ""StorageAmount"": 1}]"
"112673","Bear Hunter","bear_hunter","arctic","0.6666666666666667","False","[{""Product"": ""cultivation_area"", ""StorageAmount"": 5}]","[{""Amount"": 90, ""InactiveAmount"": 45, ""Product"": ""coins""}, {""Amount"": 40, ""Product"": ""explorer_workforce"", ""ShutdownThreshold"": 0.2}]","[{""Amount"": 1, ""Product"": ""bear_fur"", ""StorageAmount"": 1}]"
"112682","Husky Farm","husky_farm","arctic","0.5","False","[]","[{""Amount"": 150, ""InactiveAmount"": 75, ""Product"": ""coins""}, {""Amount"": 80, ""Product"": ""technicians_workforce"", ""ShutdownThreshold"": 0.2}]","[{""Amount"": 1, ""Product"": ""huskies"", ""StorageAmount"": 1}]"
"116034","Prime Hunting Cabin","prime_hunting_cabin","arctic","4","False","[{""Product"": ""cultivation_area"", ""StorageAmount"": 5}]","[{""Amount"": 50, ""InactiveAmount"": 25, ""Product"": ""coins""}, {""Amount"": 40, ""Product"": ""explorer_workforce"", ""ShutdownThreshold"": 0.2}]","[{""Amount"": 1, ""Product"": ""furs"", ""StorageAmount"": 8}]"
"114705","Charcoal Kiln","charcoal_kiln","arctic","2","False","[]","[{""Amount"": 20, ""InactiveAmount"": 10, ""Product"": ""coins""}, {""Amount"": 10, ""Product"": ""explorer_workforce"", ""ShutdownThreshold"": 0.2}]","[{""Amount"": 1, ""Product"": ""coal"", ""StorageAmount"": 4}]"
"112666","Whale Hunter","whale_hunter","arctic","1","False","[]","[{""Amount"": 75, ""InactiveAmount"": 38, ""Product"": ""coins""}, {""Amount"": 30, ""Product"": ""explorer_workforce"", ""ShutdownThreshold"": 0.2}]","[{""Amount"": 1, ""Product"": ""whale_oil"", ""StorageAmount"": 2}]"
"112674","Seal Hunter","seal_hunter","arctic","2","False","[]","[{""Amount"": 50, ""InactiveAmount"": 25, ""Product"": ""coins""}, {""Amount"": 20, ""Product"": ""explorer_workforce"", ""ShutdownThreshold"": 0.2}]","[{""Amount"": 1, ""Product"": ""seal_skin"", ""StorageAmount"": 2}]"
"114704","Sawmill","sawmill","arctic","4","False","[{""Amount"": 1, ""Product"": ""wood"", ""StorageAmount"": 8}]","[{""Amount"": 20, ""InactiveAmount"": 10, ""Product"": ""coins""}, {""Amount"": 10, ""Product"": ""explorer_workforce"", ""ShutdownThreshold"": 0.2}]","[{""Amount"": 1, ""Product"": ""timber"", ""StorageAmount"": 8}]"
"112675","Sleeping Bag Factory","sleeping_bag_factory","arctic","1","True","[{""Amount"": 1, ""Product"": ""seal_skin"", ""StorageAmount"": 4}, {""Amount"": 1, ""Product"": ""goose_feathers"", ""StorageAmount"": 4}]","[{""Amount"": 120, ""InactiveAmount"": 60, ""Product"": ""coins""}, {""Amount"": 50, ""Product"": ""explorer_workforce"", ""ShutdownThreshold"": 0.2}]","[{""Amount"": 1, ""Product"": ""sleeping_bags"", ""StorageAmount"": 4}]"
"112679","Oil Lamp Factory","oil_lamp_factory","arctic","1","True","[{""Amount"": 1, ""Product"": ""whale_oil"", ""StorageAmount"": 4}, {""Amount"": 1, ""Product"": ""brass"", ""StorageAmount"": 4}]","[{""Amount"": 200, ""InactiveAmount"": 100, ""Product"": ""coins""}, {""Amount"": 70, ""Product"": ""explorer_workforce"", ""ShutdownThreshold"": 0.2}]","[{""Amount"": 1, ""Product"": ""oil_lamps"", ""StorageAmount"": 2}]"
"112672","Parka Factory","parka_factory","arctic","0.6666666666666667","True","[{""Amount"": 1, ""Product"": ""bear_fur"", ""StorageAmount"": 4}, {""Amount"": 1, ""Product"": ""seal_skin"", ""StorageAmount"": 4}]","[{""Amount"": 350, ""InactiveAmount"": 175, ""Product"": ""coins""}, {""Amount"": 80, ""Product"": ""technicians_workforce"", ""ShutdownThreshold"": 0.2}]","[{""Amount"": 1, ""Product"": ""parkas"", ""StorageAmount"": 1}]"
"112681","Sled Frame Factory","sled_frame_factory","arctic","1","False","[{""Amount"": 1, ""Product"": ""seal_skin"", ""StorageAmount"": 4}, {""Amount"": 1, ""Product"": ""wood"", ""StorageAmount"": 4}]","[{""Amount"": 450, ""InactiveAmount"": 225, ""Product"": ""coins""}, {""Amount"": 80, ""Product"": ""technicians_workforce"", ""ShutdownThreshold"": 0.2}]","[{""Amount"": 1, ""Product"": ""sleds"", ""StorageAmount"": 2}]"
"112680","Husky Sled Factory","husky_sled_factory","arctic","1","True","[{""Amount"": 1, ""Product"": ""huskies"", ""StorageAmount"": 4}, {""Amount"": 1, ""Product"": ""sleds"", ""StorageAmount"": 4}]","[{""Amount"": 650, ""InactiveAmount"": 325, ""Product"": ""coins""}, {""Amount"": 100, ""Product"": ""technicians_workforce"", ""ShutdownThreshold"": 0.2}]","[{""Amount"": 1, ""Product"": ""husky_sleds"", ""StorageAmount"": 2}]"
"112668","Pemmican Factory","pemmican_factory","arctic","1","False","[{""Amount"": 1, ""Product"": ""whale_oil"", ""StorageAmount"": 4}, {""Amount"": 1, ""Product"": ""caribou_meat"", ""StorageAmount"": 4}]","[{""Amount"": 60, ""InactiveAmount"": 30, ""Product"": ""coins""}, {""Amount"": 30, ""Product"": ""explorer_workforce"", ""ShutdownThreshold"": 0.2}]","[{""Amount"": 1, ""Product"": ""pemmican"", ""StorageAmount"": 2}]"
"112690","Arctic Gas Mine","arctic_gas_mine","arctic","0.22222222222222224","True","[]","[{""Amount"": 1000, ""InactiveAmount"": 500, ""Product"": ""coins""}, {""Amount"": 250, ""Product"": ""technicians_workforce"", ""ShutdownThreshold"": 0.2}]","[{""Amount"": 1, ""Product"": ""arctic_gas"", ""StorageAmount"": 1}]"
"116029","Deep Gold Mine","deep_gold_mine","arctic","1","False","[{""Product"": ""mineral_resource"", ""StorageAmount"": 7}]","[{""Amount"": 400, ""InactiveAmount"": 200, ""Product"": ""coins""}, {""Amount"": 100, ""Product"": ""technicians_workforce"", ""ShutdownThreshold"": 0.2}]","[{""Amount"": 1, ""Product"": ""gold_ore"", ""StorageAmount"": 3}]"
"118571","Fuel Station","fuel_station","moderate","4","False","[{""Amount"": 1, ""Product"": ""oil"", ""StorageAmount"": 50}]","[{""Amount"": 350, ""InactiveAmount"": 175, ""Product"": ""coins""}, {""Amount"": 75, ""Product"": ""worker_workforce"", ""ShutdownThreshold"": 0.5}]","[{""Amount"": 1, ""Product"": ""fuel"", ""StorageAmount"": 20}]"
"269840","Fuel Station","fuel_station","colony01","4","False","[{""Amount"": 1, ""Product"": ""oil"", ""StorageAmount"": 50}]","[{""Amount"": 350, ""InactiveAmount"": 175, ""Product"": ""coins""}, {""Amount"": 75, ""Product"": ""obrero_workforce"", ""ShutdownThreshold"": 0.5}]","[{""Amount"": 1, ""Product"": ""fuel"", ""StorageAmount"": 20}]"
"119028","Fuel Station","fuel_station","africa","4","False","[{""Amount"": 1, ""Product"": ""oil"", ""StorageAmount"": 50}]","[{""Amount"": 350, ""InactiveAmount"": 175, ""Product"": ""coins""}, {""Amount"": 75, ""Product"": ""elder_workforce"", ""ShutdownThreshold"": 0.5}]","[{""Amount"": 1, ""Product"": ""fuel"", ""StorageAmount"": 20}]"
"133004","Orchard: Coconut Oil","orchard:_coconut_oil","colony01","2","True","[{""Product"": ""cultivation_area"", ""StorageAmount"": 10}]","[{""Amount"": 50, ""InactiveAmount"": 25, ""Product"": ""coins""}, {""Amount"": 35, ""Product"": ""jornalero_workforce"", ""ShutdownThreshold"": 0.2}]","[{""Amount"": 1, ""Product"": ""coconut_oil"", ""StorageAmount"": 10}]"
"133030","Orchard: Cinnamon","orchard:_cinnamon","colony01","2","True","[{""Product"": ""cultivation_area"", ""StorageAmount"": 10}]","[{""Amount"": 50, ""InactiveAmount"": 25, ""Product"": ""coins""}, {""Amount"": 35, ""Product"": ""jornalero_workforce"", ""ShutdownThreshold"": 0.2}]","[{""Amount"": 1, ""Product"": ""cinnamon"", ""StorageAmount"": 10}]"
"133031","Orchard: Citrus","orchard:_citrus","colony01","2","True","[{""Product"": ""cultivation_area"", ""StorageAmount"": 10}]","[{""Amount"": 50, ""InactiveAmount"": 25, ""Product"": ""coins""}, {""Amount"": 35, ""Product"": ""jornalero_workforce"", ""ShutdownThreshold"": 0.2}]","[{""Amount"": 1, ""Product"": ""citrus"", ""StorageAmount"": 10}]"
"134614","Orchard: Camphor Wax","orchard:_camphor_wax","colony01","2","True","[{""Product"": ""cultivation_area"", ""StorageAmount"": 10}]","[{""Amount"": 50, ""InactiveAmount"": 25, ""Product"": ""coins""}, {""Amount"": 35, ""Product"": ""jornalero_workforce"", ""ShutdownThreshold"": 0.2}]","[{""Amount"": 1, ""Product"": ""camphor_wax"", ""StorageAmount"": 10}]"
"924","Bomb Factory","bomb_factory","moderate","1","","[{""Amount"": 1, ""Product"": ""saltpeter"", ""StorageAmount"": 5}, {""Amount"": 1, ""Product"": ""dynamite"", ""StorageAmount"": 5}, {""Amount"": 1, ""Product"": ""steel"", ""StorageAmount"": 5}]","[{""Amount"": 600, ""InactiveAmount"": 300, ""Product"": ""coins""}, {""Amount"": 550, ""Product"": ""worker_workforce""}]","[{""Amount"": 1, ""Product"": ""bombs"", ""StorageAmount"": 10}]"
"934","Sea Mine Factory","sea_mine_factory","moderate","1","","[{""Amount"": 1, ""Product"": ""copper"", ""StorageAmount"": 5}, {""Amount"": 1, ""Product"": ""dynamite"", ""StorageAmount"": 5}, {""Amount"": 1, ""Product"": ""steel"", ""StorageAmount"": 5}]","[{""Amount"": 600, ""InactiveAmount"": 300, ""Product"": ""coins""}, {""Amount"": 550, ""Product"": ""worker_workforce""}]","[{""Amount"": 1, ""Product"": ""sea_mines"", ""StorageAmount"": 10}]"
"935","Pamphlet Printer","pamphlet_printer","moderate","1","","[{""Amount"": 1, ""Product"": ""wood"", ""StorageAmount"": 5}, {""Amount"": 1, ""Product"": ""cotton"", ""StorageAmount"": 5}]","[{""Amount"": 600, ""InactiveAmount"": 300, ""Product"": ""coins""}, {""Amount"": 550, ""Product"": ""worker_workforce""}]","[{""Amount"": 1, ""Product"": ""pamphlets"", ""StorageAmount"": 10}]"
"936","Care Package Factory","care_package_factory","moderate","1","","[{""Amount"": 1, ""Product"": ""canned_food"", ""StorageAmount"": 5}, {""Amount"": 1, ""Product"": ""chocolate"", ""StorageAmount"": 5}, {""Amount"": 1, ""Product"": ""schnapps"", ""StorageAmount"": 5}]","[{""Amount"": 600, ""InactiveAmount"": 300, ""Product"": ""coins""}, {""Amount"": 550, ""Product"": ""worker_workforce""}]","[{""Amount"": 1, ""Product"": ""care_packages"", ""StorageAmount"": 10}]"
"1345","Charcoal Kiln","charcoal_kiln","colony01","2","","[]","[{""Amount"": 20, ""InactiveAmount"": 10, ""Product"": ""coins""}, {""Amount"": 15, ""Product"": ""jornalero_workforce"", ""ShutdownThreshold"": 0.2}]","[{""Amount"": 1, ""Product"": ""coal"", ""StorageAmount"": 4}]"
"1418","Industrial Oil Press","industrial_oil_press","colony01","2","False","[{""Amount"": 1, ""Product"": ""fish_oil"", ""StorageAmount"": 9}, {""Amount"": 1, ""Product"": ""saltpeter"", ""StorageAmount"": 9}]","[{""Amount"": 250, ""InactiveAmount"": 125, ""Product"": ""coins""}, {""Amount"": 65, ""Product"": ""jornalero_workforce"", ""ShutdownThreshold"": 0.2}]","[{""Amount"": 1, ""Product"": ""industrial_lubricant"", ""StorageAmount"": 9}]"
"835","Aluminium Smelter","aluminium_smelter","colony01","0.6666666666666667","False","[{""Amount"": 1, ""Product"": ""bauxite_"", ""StorageAmount"": 2, ""VectorElement"": null}, {""Amount"": 1, ""Product"": ""coal"", ""StorageAmount"": 2}]","[{""Amount"": 540, ""InactiveAmount"": 270, ""Product"": ""coins"", ""VectorElement"": null}, {""Amount"": 40, ""Product"": ""obrero_workforce"", ""VectorElement"": null}]","[{""Amount"": 1, ""Product"": ""aluminium_profiles"", ""StorageAmount"": 4, ""VectorElement"": null}]"
"906","Bomb Factory","bomb_factory","colony01","1","True","[{""Amount"": 1, ""Product"": ""saltpeter"", ""StorageAmount"": 5}, {""Amount"": 1, ""Product"": ""dynamite"", ""StorageAmount"": 5}, {""Amount"": 1, ""Product"": ""steel"", ""StorageAmount"": 5}]","[{""Amount"": 600, ""InactiveAmount"": 300, ""Product"": ""coins""}, {""Amount"": 300, ""Product"": ""jornalero_workforce""}]","[{""Amount"": 1, ""Product"": ""bombs"", ""StorageAmount"": 10}]"
"907","Sea Mine Factory","sea_mine_factory","colony01","1","True","[{""Amount"": 1, ""Product"": ""copper"", ""StorageAmount"": 5}, {""Amount"": 1, ""Product"": ""dynamite"", ""StorageAmount"": 5}, {""Amount"": 1, ""Product"": ""steel"", ""StorageAmount"": 5}]","[{""Amount"": 600, ""InactiveAmount"": 300, ""Product"": ""coins""}, {""Amount"": 300, ""Product"": ""jornalero_workforce""}]","[{""Amount"": 1, ""Product"": ""sea_mines"", ""StorageAmount"": 10}]"
"908","Pamphlet Printer","pamphlet_printer","colony01","1","True","[{""Amount"": 1, ""Product"": ""wood"", ""StorageAmount"": 5}, {""Amount"": 1, ""Product"": ""cotton"", ""StorageAmount"": 5}]","[{""Amount"": 600, ""InactiveAmount"": 300, ""Product"": ""coins""}, {""Amount"": 300, ""Product"": ""jornalero_workforce""}]","[{""Amount"": 1, ""Product"": ""pamphlets"", ""StorageAmount"": 10}]"
"916","Care Package Factory","care_package_factory","colony01","1","True","[{""Amount"": 1, ""Product"": ""canned_food"", ""StorageAmount"": 5}, {""Amount"": 1, ""Product"": ""chocolate"", ""StorageAmount"": 5}, {""Amount"": 1, ""Product"": ""schnapps"", ""StorageAmount"": 5}]","[{""Amount"": 600, ""InactiveAmount"": 300, ""Product"": ""coins""}, {""Amount"": 300, ""Product"": ""jornalero_workforce""}]","[{""Amount"": 1, ""Product"": ""care_packages"", ""StorageAmount"": 10}]"
"915","Water Drop Factory","water_drop_factory","colony01","1","True","[{""Product"": ""water"", ""StorageAmount"": 5}]","[{""Amount"": 600, ""InactiveAmount"": 300, ""Product"": ""coins""}, {""Amount"": 300, ""Product"": ""jornalero_workforce""}]","[{""Amount"": 1, ""Product"": ""water_drop"", ""StorageAmount"": 10}]"
"1308","Bauxite Mine","bauxite_mine","colony01","6","False","[]","[{""Amount"": 400, ""InactiveAmount"": 200, ""Product"": ""coins"", ""VectorElement"": null}, {""Amount"": 220, ""Product"": ""jornalero_workforce"", ""VectorElement"": null}]","[{""Amount"": 1, ""Product"": ""bauxite_"", ""StorageAmount"": 12, ""VectorElement"": null}]"
"1353","Helium Extractor","helium_extractor","colony01","4","False","[{""Amount"": 1, ""Product"": ""industrial_lubricant"", ""StorageAmount"": 8}, {""Amount"": 1, ""Product"": ""clay"", ""StorageAmount"": 8}]","[{""Amount"": 500, ""InactiveAmount"": 250, ""Product"": ""coins"", ""VectorElement"": null}, {""Amount"": 120, ""Product"": ""obrero_workforce"", ""VectorElement"": null}]","[{""Amount"": 1, ""Product"": ""helium"", ""StorageAmount"": 8, ""VectorElement"": null}]"
"122963","Wanza Woodcutter","wanza_woodcutter","africa","4","True","[]","[{""Amount"": 15, ""InactiveAmount"": 8, ""Product"": ""coins""}, {""Amount"": 15, ""Product"": ""shepherd_workforce"", ""ShutdownThreshold"": 0.2}]","[{""Amount"": 1, ""Product"": ""wanza_timber"", ""StorageAmount"": 8}]"
"114448","Linseed Farm","linseed_farm","africa","1","False","[]","[{""Amount"": 10, ""InactiveAmount"": 5, ""Product"": ""coins""}, {""Amount"": 5, ""Product"": ""shepherd_workforce""}]","[{""Amount"": 1, ""Product"": ""linseed"", ""StorageAmount"": 2}]"
"114447","Hibiscus Farm","hibiscus_farm","africa","1","False","[]","[{""Amount"": 15, ""InactiveAmount"": 8, ""Product"": ""coins""}, {""Amount"": 15, ""Product"": ""shepherd_workforce""}]","[{""Amount"": 1, ""Product"": ""hibiscus_petals"", ""StorageAmount"": 2}]"
"114450","Teff Farm","teff_farm","africa","1","False","[]","[{""Amount"": 20, ""InactiveAmount"": 10, ""Product"": ""coins""}, {""Amount"": 20, ""Product"": ""shepherd_workforce""}]","[{""Amount"": 1, ""Product"": ""teff"", ""StorageAmount"": 2}]"
"114451","Indigo Farm","indigo_farm","africa","1","True","[]","[{""Amount"": 25, ""InactiveAmount"": 13, ""Product"": ""coins""}, {""Amount"": 20, ""Product"": ""shepherd_workforce""}]","[{""Amount"": 1, ""Product"": ""indigo_dye"", ""StorageAmount"": 2}]"
"114452","Spice Farm","spice_farm","africa","1","True","[]","[{""Amount"": 25, ""InactiveAmount"": 13, ""Product"": ""coins""}, {""Amount"": 15, ""Product"": ""shepherd_workforce""}]","[{""Amount"": 1, ""Product"": ""spices"", ""StorageAmount"": 2}]"
"114453","Apiary","apiary","africa","2","False","[]","[{""Amount"": 70, ""InactiveAmount"": 35, ""Product"": ""coins""}, {""Amount"": 30, ""Product"": ""shepherd_workforce""}]","[{""Amount"": 1, ""Product"": ""beeswax"", ""StorageAmount"": 4}]"
"114439","Sanga Farm","sanga_farm","africa","1","False","[]","[{""Amount"": 10, ""InactiveAmount"": 5, ""Product"": ""coins""}, {""Amount"": 20, ""Product"": ""shepherd_workforce""}]","[{""Amount"": 1, ""Product"": ""sanga_cow"", ""StorageAmount"": 2}]"
"114456","Goat Farm","goat_farm","africa","1","False","[]","[{""Amount"": 5, ""InactiveAmount"": 3, ""Product"": ""coins""}, {""Amount"": 30, ""Product"": ""shepherd_workforce""}]","[{""Amount"": 1, ""Product"": ""goat_milk"", ""StorageAmount"": 2}]"
"114440","Salt Works","salt_works","africa","2","False","[]","[{""Amount"": 15, ""InactiveAmount"": 8, ""Product"": ""coins"", ""VectorElement"": {""InheritanceMapV2"": {""Entry"": {""Index"": 0, ""TemplateName"": ""FarmBuilding""}}}}, {""Amount"": 15, ""Product"": ""shepherd_workforce"", ""VectorElement"": {""InheritanceMapV2"": {""Entry"": {""Index"": 1, ""TemplateName"": ""FarmBuilding""}}}}]","[{""Amount"": 1, ""Product"": ""salt"", ""StorageAmount"": 4}]"
"118729","Lobster Fishery","lobster_fishery","africa","1","False","[]","[{""Amount"": 40, ""InactiveAmount"": 20, ""Product"": ""coins"", ""VectorElement"": {""InheritanceMapV2"": {""Entry"": {""Index"": 0, ""TemplateName"": ""FarmBuilding""}}}}, {""Amount"": 35, ""Product"": ""shepherd_workforce"", ""VectorElement"": {""InheritanceMapV2"": {""Entry"": {""Index"": 1, ""TemplateName"": ""FarmBuilding""}}}}]","[{""Amount"": 1, ""Product"": ""lobster"", ""StorageAmount"": 2}]"
"117743","Clay Collector","clay_collector","africa","4","False","[]","[{""Amount"": 20, ""InactiveAmount"": 10, ""Product"": ""coins"", ""VectorElement"": {""InheritanceMapV2"": {""Entry"": {""Index"": 0, ""TemplateName"": ""FarmBuilding""}}}}, {""Amount"": 35, ""Product"": ""shepherd_workforce"", ""VectorElement"": {""InheritanceMapV2"": {""Entry"": {""Index"": 1, ""TemplateName"": ""FarmBuilding""}}}}]","[{""Amount"": 1, ""Product"": ""clay"", ""StorageAmount"": 8}]"
"117744","Paper Mill","paper_mill","africa","4","False","[{""Amount"": 1, ""Product"": ""wood"", ""StorageAmount"": 6}]","[{""Amount"": 55, ""InactiveAmount"": 28, ""Product"": ""coins"", ""VectorElement"": {""InheritanceMapV2"": {""Entry"": {""Index"": 0, ""TemplateName"": ""FarmBuilding""}}}}, {""Amount"": 85, ""Product"": ""elder_workforce"", ""VectorElement"": {""InheritanceMapV2"": {""Entry"": {""Index"": 1, ""TemplateName"": ""FarmBuilding""}}}}]","[{""Amount"": 1, ""Product"": ""paper"", ""StorageAmount"": 8}]"
"114441","Linen Mill","linen_mill","africa","2","True","[{""Amount"": 1, ""Product"": ""linseed"", ""StorageAmount"": 6}]","[{""Amount"": 20, ""InactiveAmount"": 10, ""Product"": ""coins""}, {""Amount"": 25, ""Product"": ""shepherd_workforce""}]","[{""Amount"": 1, ""Product"": ""linen"", ""StorageAmount"": 4}]"
"114459","Teff Mill","teff_mill","africa","2","False","[{""Amount"": 1, ""Product"": ""teff"", ""StorageAmount"": 4}, {""Amount"": 1, ""Product"": ""spices"", ""StorageAmount"": 4}]","[{""Amount"": 75, ""InactiveAmount"": 38, ""Product"": ""coins""}, {""Amount"": 50, ""Product"": ""elder_workforce""}]","[{""Amount"": 1, ""Product"": ""spiced_flour"", ""StorageAmount"": 4}]"
"114461","Chandler","chandler","africa","2","False","[{""Amount"": 1, ""Product"": ""beeswax"", ""StorageAmount"": 6}, {""Amount"": 1, ""Product"": ""cotton"", ""StorageAmount"": 6}]","[{""Amount"": 120, ""InactiveAmount"": 60, ""Product"": ""coins""}, {""Amount"": 30, ""Product"": ""elder_workforce""}]","[{""Amount"": 1, ""Product"": ""ornate_candles"", ""StorageAmount"": 4}]"
"114444","Dry-House","dry-house","africa","2","True","[{""Amount"": 1, ""Product"": ""sanga_cow"", ""StorageAmount"": 3}, {""Amount"": 1, ""Product"": ""salt"", ""StorageAmount"": 4}]","[{""Amount"": 25, ""InactiveAmount"": 13, ""Product"": ""coins""}, {""Amount"": 50, ""Product"": ""shepherd_workforce""}]","[{""Amount"": 1, ""Product"": ""dried_meat"", ""StorageAmount"": 4}]"
"114466","Embroiderer","embroiderer","africa","1","False","[{""Amount"": 1, ""Product"": ""linen"", ""StorageAmount"": 3}]","[{""Amount"": 20, ""InactiveAmount"": 10, ""Product"": ""coins""}, {""Amount"": 40, ""Product"": ""shepherd_workforce""}]","[{""Amount"": 1, ""Product"": ""finery"", ""StorageAmount"": 2}]"
"114468","Tea Spicer","tea_spicer","africa","0.6666666666666667","False","[{""Amount"": 1, ""Product"": ""hibiscus_petals"", ""StorageAmount"": 6}]","[{""Amount"": 60, ""InactiveAmount"": 30, ""Product"": ""coins""}, {""Amount"": 35, ""Product"": ""shepherd_workforce""}]","[{""Amount"": 1, ""Product"": ""hibiscus_tea"", ""StorageAmount"": 1}]"
"118725","Ceramics Workshop","ceramics_workshop","africa","2","False","[{""Amount"": 1, ""Product"": ""clay"", ""StorageAmount"": 3}, {""Amount"": 1, ""Product"": ""indigo_dye"", ""StorageAmount"": 3}]","[{""Amount"": 100, ""InactiveAmount"": 50, ""Product"": ""coins""}, {""Amount"": 100, ""Product"": ""elder_workforce""}]","[{""Amount"": 1, ""Product"": ""ceramics"", ""StorageAmount"": 4}]"
"114469","Tapestry Looms","tapestry_looms","africa","2","False","[{""Amount"": 1, ""Product"": ""linen"", ""StorageAmount"": 3}, {""Amount"": 1, ""Product"": ""indigo_dye"", ""StorageAmount"": 3}]","[{""Amount"": 190, ""InactiveAmount"": 95, ""Product"": ""coins""}, {""Amount"": 90, ""Product"": ""elder_workforce""}]","[{""Amount"": 1, ""Product"": ""tapestries"", ""StorageAmount"": 4}]"
"114467","Brick Dry-House","brick_dry-house","africa","1","False","[{""Amount"": 1, ""Product"": ""clay"", ""StorageAmount"": 3}, {""Amount"": 1, ""Product"": ""teff"", ""StorageAmount"": 3}]","[{""Amount"": 40, ""InactiveAmount"": 20, ""Product"": ""coins""}, {""Amount"": 100, ""Product"": ""elder_workforce""}]","[{""Amount"": 1, ""Product"": ""mud_bricks"", ""StorageAmount"": 2}]"
"114471","Wat Kitchen","wat_kitchen","africa","1","True","[{""Amount"": 1, ""Product"": ""lobster"", ""StorageAmount"": 4}, {""Amount"": 1, ""Product"": ""spiced_flour"", ""StorageAmount"": 4}]","[{""Amount"": 150, ""InactiveAmount"": 75, ""Product"": ""coins""}, {""Amount"": 70, ""Product"": ""elder_workforce""}]","[{""Amount"": 1, ""Product"": ""seafood_stew"", ""StorageAmount"": 2}]"
"114472","Pipe Maker","pipe_maker","africa","0.6666666666666667","False","[{""Amount"": 1, ""Product"": ""clay"", ""StorageAmount"": 3}, {""Amount"": 1, ""Product"": ""tobacco"", ""StorageAmount"": 4}]","[{""Amount"": 180, ""InactiveAmount"": 90, ""Product"": ""coins""}, {""Amount"": 75, ""Product"": ""elder_workforce""}]","[{""Amount"": 1, ""Product"": ""clay_pipe"", ""StorageAmount"": 1}]"
"114470","Luminer","luminer","africa","1","False","[{""Amount"": 1, ""Product"": ""indigo_dye"", ""StorageAmount"": 3}, {""Amount"": 1, ""Product"": ""paper"", ""StorageAmount"": 4}]","[{""Amount"": 250, ""InactiveAmount"": 125, ""Product"": ""coins""}, {""Amount"": 100, ""Product"": ""elder_workforce""}]","[{""Amount"": 1, ""Product"": ""illuminated_script"", ""StorageAmount"": 2}]"
"114464","Lanternsmith","lanternsmith","africa","1","False","[{""Amount"": 1, ""Product"": ""ornate_candles"", ""StorageAmount"": 4}, {""Amount"": 1, ""Product"": ""glass"", ""StorageAmount"": 4}]","[{""Amount"": 300, ""InactiveAmount"": 150, ""Product"": ""coins""}, {""Amount"": 75, ""Product"": ""elder_workforce""}]","[{""Amount"": 1, ""Product"": ""lanterns"", ""StorageAmount"": 2}]"
"118733","Bootmakers","bootmakers","moderate","1","True","[{""Amount"": 1, ""Product"": ""sanga_cow"", ""StorageAmount"": 6}]","[{""Amount"": 350, ""InactiveAmount"": 175, ""Product"": ""coins""}, {""Amount"": 150, ""Product"": ""artisan_workforce""}]","[{""Amount"": 1, ""Product"": ""leather_boots"", ""StorageAmount"": 2}]"
"118734","Tailor's Shop","tailor's_shop","moderate","1","False","[{""Amount"": 1, ""Product"": ""linen"", ""StorageAmount"": 3}, {""Amount"": 1, ""Product"": ""cotton_fabric"", ""StorageAmount"": 3}]","[{""Amount"": 450, ""InactiveAmount"": 225, ""Product"": ""coins""}, {""Amount"": 200, ""Product"": ""artisan_workforce""}]","[{""Amount"": 1, ""Product"": ""tailored_suits"", ""StorageAmount"": 2}]"
"118735","Telephone Manufacturer","telephone_manufacturer","moderate","0.6666666666666667","True","[{""Amount"": 1, ""Product"": ""filaments"", ""StorageAmount"": 3}, {""Amount"": 1, ""Product"": ""wood_veneers"", ""StorageAmount"": 3}]","[{""Amount"": 1200, ""InactiveAmount"": 600, ""Product"": ""coins""}, {""Amount"": 150, ""Product"": ""engineer_workforce""}]","[{""Amount"": 1, ""Product"": ""telephones"", ""StorageAmount"": 1}]"
"124738","Advanced Coffee Roaster","advanced_coffee_roaster","moderate","1","False","[{""Amount"": 1, ""Product"": ""malt"", ""StorageAmount"": 6}]","[{""Amount"": 3500, ""InactiveAmount"": 1750, ""Product"": ""coins""}, {""Amount"": 150, ""Product"": ""engineer_workforce""}]","[{""Amount"": 1, ""Product"": ""coffee"", ""StorageAmount"": 4}]"
"124737","Advanced Rum Distillery","advanced_rum_distillery","moderate","1","False","[{""Amount"": 1, ""Product"": ""coal"", ""StorageAmount"": 6}, {""Amount"": 1, ""Product"": ""potatoes"", ""StorageAmount"": 6}]","[{""Amount"": 3000, ""InactiveAmount"": 1500, ""Product"": ""coins""}, {""Amount"": 130, ""Product"": ""engineer_workforce""}]","[{""Amount"": 1, ""Product"": ""rum"", ""StorageAmount"": 4}]"
"124739","Advanced Cotton Mill","advanced_cotton_mill","moderate","1","True","[{""Amount"": 1, ""Product"": ""wool"", ""StorageAmount"": 6}, {""Amount"": 1, ""Product"": ""wood"", ""StorageAmount"": 6}]","[{""Amount"": 3300, ""InactiveAmount"": 1650, ""Product"": ""coins""}, {""Amount"": 140, ""Product"": ""engineer_workforce""}]","[{""Amount"": 1, ""Product"": ""cotton_fabric"", ""StorageAmount"": 4}]"
"132777","Chemical Plant: Lemonade","chemical_plant:_lemonade","moderate","2","True","[{""Amount"": 1, ""Product"": ""saltpeter"", ""StorageAmount"": 5}, {""Amount"": 1, ""Product"": ""sugar"", ""StorageAmount"": 5}, {""Amount"": 1, ""Product"": ""citrus"", ""StorageAmount"": 5}]","[{""Amount"": 800, ""InactiveAmount"": 400, ""Product"": ""coins""}, {""Amount"": 100, ""Product"": ""engineer_workforce""}]","[{""Amount"": 1, ""Product"": ""lemonade"", ""StorageAmount"": 10}]"
"132786","Chemical Plant: Shampoo","chemical_plant:_shampoo","moderate","2","True","[{""Amount"": 1, ""Product"": ""soap"", ""StorageAmount"": 5}, {""Amount"": 1, ""Product"": ""coconut_oil"", ""StorageAmount"": 5}, {""Amount"": 1, ""Product"": ""cinnamon"", ""StorageAmount"": 5}]","[{""Amount"": 800, ""InactiveAmount"": 400, ""Product"": ""coins""}, {""Amount"": 100, ""Product"": ""engineer_workforce""}]","[{""Amount"": 1, ""Product"": ""shampoo"", ""StorageAmount"": 10}]"
"133533","Chemical Plant: Souvenirs","chemical_plant:_souvenirs","moderate","2","True","[{""Amount"": 1, ""Product"": ""glass"", ""StorageAmount"": 5}, {""Amount"": 1, ""Product"": ""cotton"", ""StorageAmount"": 5}, {""Amount"": 1, ""Product"": ""camphor_wax"", ""StorageAmount"": 5}]","[{""Amount"": 800, ""InactiveAmount"": 400, ""Product"": ""coins""}, {""Amount"": 100, ""Product"": ""engineer_workforce""}]","[{""Amount"": 1, ""Product"": ""souvenirs"", ""StorageAmount"": 10}]"
"133496","Orchard: Jam","orchard:_jam","moderate","2","True","[{""Product"": ""cultivation_area"", ""StorageAmount"": 10}]","[{""Amount"": 50, ""InactiveAmount"": 25, ""Product"": ""coins""}, {""Amount"": 35, ""Product"": ""farmer_workforce"", ""ShutdownThreshold"": 0.2}]","[{""Amount"": 1, ""Product"": ""jam"", ""StorageAmount"": 10}]"
"135088","Orchard: Cherry Wood","orchard:_cherry_wood","moderate","2","True","[{""Product"": ""cultivation_area"", ""StorageAmount"": 10}]","[{""Amount"": 50, ""InactiveAmount"": 25, ""Product"": ""coins""}, {""Amount"": 35, ""Product"": ""farmer_workforce"", ""ShutdownThreshold"": 0.2}]","[{""Amount"": 1, ""Product"": ""cherry_wood"", ""StorageAmount"": 10}]"
"135085","Orchard: Resin","orchard:_resin","moderate","2","True","[{""Product"": ""cultivation_area"", ""StorageAmount"": 10}]","[{""Amount"": 50, ""InactiveAmount"": 25, ""Product"": ""coins""}, {""Amount"": 35, ""Product"": ""farmer_workforce"", ""ShutdownThreshold"": 0.2}]","[{""Amount"": 1, ""Product"": ""resin"", ""StorageAmount"": 10}]"
"134622","Assembly Line: Elevators","assembly_line:_elevators","moderate","2","False","[{""Amount"": 1, ""Product"": ""steel"", ""StorageAmount"": 4}, {""Amount"": 1, ""Product"": ""wood_veneers"", ""StorageAmount"": 4}, {""Amount"": 1, ""Product"": ""steam_motors"", ""StorageAmount"": 4}]","[{""Amount"": 600, ""InactiveAmount"": 300, ""Product"": ""coins""}, {""Amount"": 500, ""Product"": ""worker_workforce""}]","[{""Amount"": 1, ""Product"": ""elevators"", ""StorageAmount"": 3}]"
"135361","Assembly Line: Biscuits","assembly_line:_biscuits","moderate","2","False","[{""Amount"": 1, ""Product"": ""tallow"", ""StorageAmount"": 4}, {""Amount"": 1, ""Product"": ""flour"", ""StorageAmount"": 4}, {""Amount"": 1, ""Product"": ""citrus"", ""StorageAmount"": 4}]","[{""Amount"": 600, ""InactiveAmount"": 300, ""Product"": ""coins""}, {""Amount"": 500, ""Product"": ""worker_workforce""}]","[{""Amount"": 1, ""Product"": ""biscuits"", ""StorageAmount"": 3}]"
"135148","Assembly Line: Typewriters","assembly_line:_typewriters","moderate","2","False","[{""Amount"": 1, ""Product"": ""steel"", ""StorageAmount"": 4}, {""Amount"": 1, ""Product"": ""brass"", ""StorageAmount"": 4}, {""Amount"": 1, ""Product"": ""lacquer"", ""StorageAmount"": 4}]","[{""Amount"": 600, ""InactiveAmount"": 300, ""Product"": ""coins""}, {""Amount"": 500, ""Product"": ""worker_workforce""}]","[{""Amount"": 1, ""Product"": ""typewriters"", ""StorageAmount"": 3}]"
"135133","Chemical Plant: Lacquer","chemical_plant:_lacquer","moderate","2","True","[{""Amount"": 1, ""Product"": ""quartz_sand"", ""StorageAmount"": 5}, {""Amount"": 1, ""Product"": ""resin"", ""StorageAmount"": 5}, {""Amount"": 1, ""Product"": ""ethanol"", ""StorageAmount"": 5}]","[{""Amount"": 800, ""InactiveAmount"": 400, ""Product"": ""coins""}, {""Amount"": 100, ""Product"": ""engineer_workforce""}]","[{""Amount"": 1, ""Product"": ""lacquer"", ""StorageAmount"": 10}]"
"135418","Artisan's Workshop: Cognac","artisan's_workshop:_cognac","moderate","1","False","[{""Amount"": 1, ""Product"": ""grapes"", ""StorageAmount"": 4}, {""Amount"": 1, ""Product"": ""cherry_wood"", ""StorageAmount"": 4}, {""Amount"": 1, ""Product"": ""sugar"", ""StorageAmount"": 4}]","[{""Amount"": 600, ""InactiveAmount"": 300, ""Product"": ""coins""}, {""Amount"": 350, ""Product"": ""artisan_workforce""}]","[{""Amount"": 1, ""Product"": ""cognac"", ""StorageAmount"": 3}]"
"135397","Artisan's Workshop: Violins","artisan's_workshop:_violins","moderate","1","False","[{""Amount"": 1, ""Product"": ""steel"", ""StorageAmount"": 4}, {""Amount"": 1, ""Product"": ""cherry_wood"", ""StorageAmount"": 4}, {""Amount"": 1, ""Product"": ""lacquer"", ""StorageAmount"": 4}]","[{""Amount"": 600, ""InactiveAmount"": 300, ""Product"": ""coins""}, {""Amount"": 350, ""Product"": ""artisan_workforce""}]","[{""Amount"": 1, ""Product"": ""violins"", ""StorageAmount"": 3}]"
"135407","Artisan's Workshop: Billiard Tables","artisan's_workshop:_billiard_tables","moderate","1","False","[{""Amount"": 1, ""Product"": ""cherry_wood"", ""StorageAmount"": 4}, {""Amount"": 1, ""Product"": ""felt"", ""StorageAmount"": 4}, {""Amount"": 1, ""Product"": ""celluloid"", ""StorageAmount"": 4}]","[{""Amount"": 600, ""InactiveAmount"": 300, ""Product"": ""coins""}, {""Amount"": 350, ""Product"": ""artisan_workforce""}]","[{""Amount"": 1, ""Product"": ""billiard_tables"", ""StorageAmount"": 3}]"
"135669","Artisan's Workshop: Toys","artisan's_workshop:_toys","moderate","1","False","[{""Amount"": 1, ""Product"": ""felt"", ""StorageAmount"": 4}, {""Amount"": 1, ""Product"": ""celluloid"", ""StorageAmount"": 4}, {""Amount"": 1, ""Product"": ""lacquer"", ""StorageAmount"": 4}]","[{""Amount"": 600, ""InactiveAmount"": 300, ""Product"": ""coins""}, {""Amount"": 350, ""Product"": ""artisan_workforce""}]","[{""Amount"": 1, ""Product"": ""toys"", ""StorageAmount"": 3}]"
"135185","Chemical Plant: Chewing Gum","chemical_plant:_chewing_gum","colony01","2","True","[{""Amount"": 1, ""Product"": ""caoutchouc"", ""StorageAmount"": 5}, {""Amount"": 1, ""Product"": ""sugar"", ""StorageAmount"": 5}, {""Amount"": 1, ""Product"": ""cinnamon"", ""StorageAmount"": 5}]","[{""Amount"": 800, ""InactiveAmount"": 400, ""Product"": ""coins""}, {""Amount"": 125, ""Product"": ""obrero_workforce""}]","[{""Amount"": 1, ""Product"": ""chewing_gum"", ""StorageAmount"": 10}]"
"135134","Chemical Plant: Ethanol","chemical_plant:_ethanol","colony01","2","True","[{""Amount"": 1, ""Product"": ""wood"", ""StorageAmount"": 5}, {""Amount"": 1, ""Product"": ""corn"", ""StorageAmount"": 5}]","[{""Amount"": 800, ""InactiveAmount"": 400, ""Product"": ""coins""}, {""Amount"": 125, ""Product"": ""obrero_workforce""}]","[{""Amount"": 1, ""Product"": ""ethanol"", ""StorageAmount"": 10}]"
"135224","Chemical Plant: Celluloid","chemical_plant:_celluloid","colony01","2","True","[{""Amount"": 1, ""Product"": ""cotton"", ""StorageAmount"": 5}, {""Amount"": 1, ""Product"": ""camphor_wax"", ""StorageAmount"": 5}, {""Amount"": 1, ""Product"": ""ethanol"", ""StorageAmount"": 5}]","[{""Amount"": 800, ""InactiveAmount"": 400, ""Product"": ""coins""}, {""Amount"": 125, ""Product"": ""obrero_workforce""}]","[{""Amount"": 1, ""Product"": ""celluloid"", ""StorageAmount"": 10}]"
"5457","Nandu Farm","nandu_farm","colony01","2","False","[]","[{""Amount"": 5, ""InactiveAmount"": 3, ""Product"": ""coins""}, {""Amount"": 10, ""Product"": ""jornalero_workforce""}]","[{""Amount"": 1, ""Product"": ""nandu_leather"", ""StorageAmount"": 4}]"
"5463","Herb Garden","herb_garden","colony01","2","True","[]","[{""Amount"": 5, ""InactiveAmount"": 3, ""Product"": ""coins""}, {""Amount"": 10, ""Product"": ""jornalero_workforce""}]","[{""Amount"": 1, ""Product"": ""herbs"", ""StorageAmount"": 4}]"
"5814","Orchid Farm","orchid_farm","colony01","2","False","[]","[{""Amount"": 5, ""InactiveAmount"": 3, ""Product"": ""coins""}, {""Amount"": 10, ""Product"": ""jornalero_workforce""}]","[{""Amount"": 1, ""Product"": ""orchid"", ""StorageAmount"": 4}]"
"7919","Calamari Fishery","calamari_fishery","colony01","1","False","[]","[{""Amount"": 150, ""InactiveAmount"": 75, ""Product"": ""coins"", ""VectorElement"": {""InheritanceMapV2"": {""Entry"": {""Index"": 0, ""TemplateName"": ""FarmBuilding""}}}}, {""Amount"": 25, ""Product"": ""jornalero_workforce"", ""VectorElement"": {""InheritanceMapV2"": {""Entry"": {""Index"": 1, ""TemplateName"": ""FarmBuilding""}}}}]","[{""Amount"": 1, ""Product"": ""calamari"", ""StorageAmount"": 4}]"
"6080","Furnace","furnace","colony01","2","","[{""Amount"": 1, ""Product"": ""iron"", ""StorageAmount"": 8}, {""Amount"": 1, ""Product"": ""coal"", ""StorageAmount"": 6}]","[{""Amount"": 100, ""InactiveAmount"": 50, ""Product"": ""coins""}, {""Amount"": 100, ""Product"": ""obrero_workforce""}]","[{""Amount"": 1, ""Product"": ""steel"", ""StorageAmount"": 4}]"
"6083","Sewing Machine Factory","sewing_machine_factory","colony01","2","","[{""Amount"": 1, ""Product"": ""wood"", ""StorageAmount"": 8}, {""Amount"": 1, ""Product"": ""aluminium_profiles"", ""StorageAmount"": 6}]","[{""Amount"": 500, ""InactiveAmount"": 250, ""Product"": ""coins""}, {""Amount"": 100, ""Product"": ""artista_workforce""}]","[{""Amount"": 1, ""Product"": ""sewing_machines"", ""StorageAmount"": 4}]"
"6279","Cable Factory","cable_factory","colony01","1","False","[{""Amount"": 1, ""Product"": ""copper"", ""StorageAmount"": 4}, {""Amount"": 1, ""Product"": ""caoutchouc"", ""StorageAmount"": 4}]","[{""Amount"": 725, ""InactiveAmount"": 367, ""Product"": ""coins""}, {""Amount"": 150, ""Product"": ""obrero_workforce""}]","[{""Amount"": 1, ""Product"": ""electric_cables"", ""StorageAmount"": 2}]"
"5458","Jalea Kitchen","jalea_kitchen","colony01","2","True","[{""Amount"": 1, ""Product"": ""calamari"", ""StorageAmount"": 4}, {""Amount"": 1, ""Product"": ""herbs"", ""StorageAmount"": 4}, {""Amount"": 1, ""Product"": ""corn"", ""StorageAmount"": 4}]","[{""Amount"": 150, ""InactiveAmount"": 75, ""Product"": ""coins""}, {""Amount"": 25, ""Product"": ""artista_workforce""}]","[{""Amount"": 1, ""Product"": ""jalea"", ""StorageAmount"": 4}]"
"5459","Ice Cream Factory","ice_cream_factory","colony01","1","False","[{""Amount"": 1, ""Product"": ""milk"", ""StorageAmount"": 6}, {""Amount"": 1, ""Product"": ""chocolate"", ""StorageAmount"": 6}, {""Amount"": 1, ""Product"": ""citrus"", ""StorageAmount"": 6}]","[{""Amount"": 200, ""InactiveAmount"": 100, ""Product"": ""coins""}, {""Amount"": 100, ""Product"": ""artista_workforce""}]","[{""Amount"": 1, ""Product"": ""ice_cream"", ""StorageAmount"": 4}]"
"6594","Mezcal Bar","mezcal_bar","colony01","2","True","[{""Amount"": 1, ""Product"": ""citrus"", ""StorageAmount"": 6}, {""Amount"": 1, ""Product"": ""sugar"", ""StorageAmount"": 6}, {""Amount"": 1, ""Product"": ""herbs"", ""StorageAmount"": 6}]","[{""Amount"": 150, ""InactiveAmount"": 75, ""Product"": ""coins""}, {""Amount"": 25, ""Product"": ""artista_workforce""}]","[{""Amount"": 1, ""Product"": ""mezcal"", ""StorageAmount"": 4}]"
"5658","Scooter Factory","scooter_factory","colony01","0.5","False","[{""Amount"": 1, ""Product"": ""motor"", ""StorageAmount"": 6}, {""Amount"": 1, ""Product"": ""pigments"", ""StorageAmount"": 6}, {""Amount"": 1, ""Product"": ""caoutchouc"", ""StorageAmount"": 6}]","[{""Amount"": 2000, ""InactiveAmount"": 1000, ""Product"": ""coins""}, {""Amount"": 200, ""Product"": ""artista_workforce""}]","[{""Amount"": 1, ""Product"": ""scooter"", ""StorageAmount"": 4}]"
"5659","Motor Assembly Plant","motor_assembly_plant","colony01","1","True","[{""Amount"": 1, ""Product"": ""electric_cables"", ""StorageAmount"": 6}, {""Amount"": 1, ""Product"": ""celluloid"", ""StorageAmount"": 6}, {""Amount"": 1, ""Product"": ""steel"", ""StorageAmount"": 6}]","[{""Amount"": 400, ""InactiveAmount"": 200, ""Product"": ""coins""}, {""Amount"": 150, ""Product"": ""obrero_workforce""}]","[{""Amount"": 1, ""Product"": ""motor"", ""StorageAmount"": 4}]"
"5862","Fan Factory","fan_factory","colony01","1","","[{""Amount"": 1, ""Product"": ""motor"", ""StorageAmount"": 6}, {""Amount"": 1, ""Product"": ""aluminium_profiles"", ""StorageAmount"": 6}]","[{""Amount"": 500, ""InactiveAmount"": 250, ""Product"": ""coins""}, {""Amount"": 150, ""Product"": ""artista_workforce""}]","[{""Amount"": 1, ""Product"": ""fans"", ""StorageAmount"": 4}]"
"1388","Mineral Mine","mineral_mine","colony01","4","","[]","[{""Amount"": 300, ""InactiveAmount"": 150, ""Product"": ""coins"", ""VectorElement"": null}, {""Amount"": 180, ""Product"": ""jornalero_workforce"", ""VectorElement"": null}]","[{""Amount"": 1, ""Product"": ""iron"", ""StorageAmount"": 8, ""VectorElement"": null}]"
"1390","Mineral Mine","mineral_mine","colony01","4","False","[]","[{""Amount"": 500, ""InactiveAmount"": 250, ""Product"": ""coins"", ""VectorElement"": null}, {""Amount"": 120, ""Product"": ""obrero_workforce"", ""VectorElement"": null}]","[{""Amount"": 1, ""Product"": ""minerals"", ""StorageAmount"": 6, ""VectorElement"": null}]"
"5657","Perfume Mixer","perfume_mixer","colony01","1","False","[{""Amount"": 1, ""Product"": ""orchid"", ""StorageAmount"": 6}, {""Amount"": 1, ""Product"": ""ethanol"", ""StorageAmount"": 6}, {""Amount"": 1, ""Product"": ""coconut_oil"", ""StorageAmount"": 6}]","[{""Amount"": 200, ""InactiveAmount"": 100, ""Product"": ""coins""}, {""Amount"": 150, ""Product"": ""artista_workforce""}]","[{""Amount"": 1, ""Product"": ""perfumes"", ""StorageAmount"": 4}]"
"5879","Ball Manufactory","ball_manufactory","colony01","2","False","[{""Amount"": 1, ""Product"": ""nandu_leather"", ""StorageAmount"": 6}, {""Amount"": 1, ""Product"": ""caoutchouc"", ""StorageAmount"": 6}]","[{""Amount"": 15, ""InactiveAmount"": 8, ""Product"": ""coins""}, {""Amount"": 30, ""Product"": ""jornalero_workforce""}]","[{""Amount"": 1, ""Product"": ""soccer_balls"", ""StorageAmount"": 4}]"
"5933","Costume Shop","costume_shop","colony01","1","False","[{""Amount"": 1, ""Product"": ""cotton_fabric"", ""StorageAmount"": 6}, {""Amount"": 1, ""Product"": ""pigments"", ""StorageAmount"": 6}, {""Amount"": 1, ""Product"": ""nandu_feathers"", ""StorageAmount"": 4}]","[{""Amount"": 250, ""InactiveAmount"": 125, ""Product"": ""coins""}, {""Amount"": 50, ""Product"": ""artista_workforce""}]","[{""Amount"": 1, ""Product"": ""costumes"", ""StorageAmount"": 4}]"
"5828","Chemical Plant: Film Reels","chemical_plant:_film_reels","colony01","2","True","[{""Amount"": 1, ""Product"": ""saltpeter"", ""StorageAmount"": 5}, {""Amount"": 1, ""Product"": ""celluloid"", ""StorageAmount"": 5}]","[{""Amount"": 800, ""InactiveAmount"": 400, ""Product"": ""coins""}, {""Amount"": 125, ""Product"": ""obrero_workforce""}]","[{""Amount"": 1, ""Product"": ""film_reel"", ""StorageAmount"": 10}]"
"6630","Arsenal: Police Equipment","arsenal:_police_equipment","colony01","1","True","[{""Amount"": 1, ""Product"": ""wood"", ""StorageAmount"": 5}, {""Amount"": 1, ""Product"": ""steel"", ""StorageAmount"": 5}, {""Amount"": 1, ""Product"": ""cotton_fabric"", ""StorageAmount"": 5}]","[{""Amount"": 600, ""InactiveAmount"": 300, ""Product"": ""coins""}, {""Amount"": 300, ""Product"": ""jornalero_workforce""}]","[{""Amount"": 1, ""Product"": ""police_equipment"", ""StorageAmount"": 10}]"
"6629","Laboratory: Fire Extinguisher","laboratory:_fire_extinguisher","colony01","1.3333333333333335","False","[{""Amount"": 1, ""Product"": ""steel"", ""StorageAmount"": 3}, {""Amount"": 1, ""Product"": ""caoutchouc"", ""StorageAmount"": 3}]","[{""Amount"": 600, ""InactiveAmount"": 300, ""Product"": ""coins""}, {""Amount"": 300, ""Product"": ""obrero_workforce""}]","[{""Amount"": 1, ""Product"": ""fire_extinguishers"", ""StorageAmount"": 3}]"
"6631","Laboratory: Medicine","laboratory:_medicine","colony01","1.3333333333333335","False","[{""Amount"": 1, ""Product"": ""herbs"", ""StorageAmount"": 3}, {""Amount"": 1, ""Product"": ""orchid"", ""StorageAmount"": 3}, {""Amount"": 1, ""Product"": ""ethanol"", ""StorageAmount"": 3}]","[{""Amount"": 600, ""InactiveAmount"": 300, ""Product"": ""coins""}, {""Amount"": 300, ""Product"": ""artista_workforce""}]","[{""Amount"": 1, ""Product"": ""medicine"", ""StorageAmount"": 3}]"
"5462","Laboratory: Pigments","laboratory:_pigments","colony01","1.3333333333333335","False","[{""Amount"": 1, ""Product"": ""minerals"", ""StorageAmount"": 6}, {""Amount"": 1, ""Product"": ""saltpeter"", ""StorageAmount"": 6}]","[{""Amount"": 150, ""InactiveAmount"": 75, ""Product"": ""coins""}, {""Amount"": 150, ""Product"": ""artista_workforce""}]","[{""Amount"": 1, ""Product"": ""pigments"", ""StorageAmount"": 4}]"
"8027","Powered Pasture","powered_pasture","colony01","0.25","","[]","[]","[{""Amount"": 1, ""Product"": ""saltpeter"", ""StorageAmount"": 1}]"
"8002","Powered Pasture","powered_pasture","colony01","1","","[]","[]","[{""Amount"": 1, ""Product"": ""milk"", ""StorageAmount"": 1}]"
"8026","Powered Pasture","powered_pasture","colony01","0.5","True","[]","[]","[{""Amount"": 1, ""Product"": ""nandu_feathers"", ""StorageAmount"": 1}]"
"190872","","","colony01","0.6666666666666666","","[]","[]","[{""Amount"": 1, ""Product"": ""dung""}]"
